scout,match,robot,team,start_pos,auto_type,auto_bump,auto_climb,auto_cycles,teleop_trench,teleop_bump,num_cycles,num_cycles_tenths,endgame_climb,climb_less_than_5,inactive_strat,driver_rating,problems,card,comments
KO,1,B1,539,NA,NA,FALSE,FALSE,0,0,0,0,0,No,FALSE,NA,1,NA,No Card,NA
SBS,1,R2,10449,NA,NA,FALSE,FALSE,0,0,0,0,0,No,FALSE,NA,1,NA,No Card,Not here :(
CC,1,R3,1885,C,3,FALSE,FALSE,10,1,0,0,6,No,FALSE,2,4,NA,Yellow,NA
AM,1,R1,2186,F,NA,FALSE,FALSE,0,2,0,0,0,No,FALSE,1245,2,NA,No Card,NA
MC,1,B3,122,M,NA,FALSE,FALSE,0,0,3,1,0,No,FALSE,54,4,NA,No Card,Pure Defense all the time
CR,1,B2,6882,C,NA,FALSE,FALSE,0,2,0,1,3,No,FALSE,6,3,NA,No Card,NA
AM,2,R1,4099,F,NA,FALSE,FALSE,10,4,0,0,8,No,FALSE,6,3,NA,No Card,NA
CC,2,R3,9403,C,NA,FALSE,FALSE,0,0,0,0,4,No,FALSE,NA,1,NA,No Card,NA
KO,2,B1,2028,M,2,FALSE,FALSE,0,0,6,1,3,No,FALSE,6,3,NA,No Card,"attempted auto climb, did not climb fully, got stuck on bump"
SBS,2,R2,3258,M,NA,FALSE,FALSE,0,0,6,2,9,No,FALSE,16,3,NA,No Card,NA
CR,2,B2,8326,F,NA,FALSE,FALSE,0,0,2,0,0,No,FALSE,NA,1,NA,No Card,NA
MC,2,B3,8230,C,NA,FALSE,FALSE,2,4,0,1,3,No,FALSE,54,1,NA,No Card,NA
AM,3,R1,449,C,NA,FALSE,FALSE,0,1,0,0,0,No,FALSE,2,2,NA,No Card,Something wrong with swerve
CR,3,B2,116,NA,NA,FALSE,FALSE,0,0,0,0,0,No,FALSE,NA,1,NA,No Card,NA
KO,3,B1,526,F,3,FALSE,FALSE,3,4,2,0,0,No,FALSE,2,3,NA,No Card,"Slow shooter, hopper broke midway"
MC,3,B3,4472,M,2,FALSE,FALSE,0,3,0,3,0,No,FALSE,65,4,NA,No Card,Pretty good shooter bot
SBS,3,R2,2988,M,NA,FALSE,FALSE,4,0,4,0,4,No,FALSE,NA,1,NA,No Card,Beached for most of match; took teammates forever to free them
MH,3,R3,4472,M,NA,FALSE,FALSE,3,3,0,1,8,No,FALSE,6,3,NA,No Card,"slow movement, turret not very accurate"
AM,4,R1,1895,M,NA,FALSE,FALSE,0,0,1,1,0,No,FALSE,21,5,NA,No Card,Passive (played in neutral)
CC,4,R3,3136,F,3,FALSE,FALSE,10,3,0,5,0,No,FALSE,26,4,NA,No Card,NA
CR,4,B2,5587,C,NA,FALSE,FALSE,3,1,0,0,0,No,TRUE,NA,5,1,No Card,NA
KO,4,B1,612,M,2,FALSE,FALSE,2,0,2,0,1,No,FALSE,NA,2,NA,No Card,"Beached 10s into teleop, revived by 5587 during endgame; they have turret"
MC,4,B3,2363,F,3,FALSE,FALSE,20,0,0,0,0,No,FALSE,NA,1,1,No Card,Died :(
SBS,4,R2,2890,C,2,FALSE,FALSE,6,0,1,0,2,L1,FALSE,NA,1,NA,No Card,Did41391t do anything for ages just sitting at climb till endgame
CR,5,B2,1908,F,3,FALSE,FALSE,5,4,0,1,5,L1,FALSE,124,4,NA,No Card,NA
CC,5,R3,4638,M,NA,FALSE,FALSE,2,2,0,0,0,No,FALSE,NA,1,1,No Card,NA
AM,5,R1,9072,F,3,FALSE,FALSE,20,4,0,2,8,No,FALSE,12,5,NA,No Card,"Really good auto, double turret."
KO,5,B1,5549,C,3,FALSE,FALSE,3,5,0,1,8,No,FALSE,625,3,NA,No Card,"Beached, saved by 1908 early-mid teleop"
SBS,5,R2,5338,C,3,FALSE,FALSE,5,2,0,1,6,No,FALSE,26,2,NA,No Card,NA
MC,5,B3,5353,M,2,FALSE,FALSE,9,0,4,3,3,No,FALSE,5,3,NA,No Card,NA
CR,6,B2,1731,F,32,FALSE,FALSE,0,1,0,5,5,No,FALSE,NA,5,NA,No Card,NA
AM,6,R1,2534,F,NA,FALSE,FALSE,0,5,0,0,3,No,FALSE,125,3,NA,No Card,NA
CC,6,R3,1793,C,NA,FALSE,FALSE,10,0,0,0,0,No,FALSE,NA,1,1,No Card,NA
MC,6,B3,2963,C,NA,FALSE,FALSE,7,0,1,5,4,No,FALSE,56,3,NA,No Card,Got stuck on bump
SBS,6,R2,2377,M,1,FALSE,FALSE,5,2,0,1,4,No,FALSE,2,3,NA,No Card,NA
BP,6,B1,5243,M,NA,FALSE,FALSE,0,6,0,0,1,F,FALSE,5,2,NA,No Card,Struggling to intake and shoot. Kept going to NZ but not being able to get balls
CC,7,R3,2028,C,2,FALSE,FALSE,1,0,2,1,5,No,FALSE,12,3,NA,No Card,NA
CR,7,B2,620,M,NA,TRUE,FALSE,0,0,2,0,0,No,FALSE,52,5,NA,No Card,NA
AM,7,R1,3359,M,NA,FALSE,FALSE,0,0,1,0,0,No,FALSE,5,1,NA,No Card,Nonexistent hopper.
SBS,7,R2,611,F,3,TRUE,FALSE,0,0,3,0,3,No,FALSE,5,4,NA,No Card,Weird jittery movement then gave up on pieces for defense
BH,7,B3,10449,C,NA,FALSE,FALSE,2,1,0,1,0,No,FALSE,NA,2,NA,No Card,NA
BP,7,B1,3373,F,NA,FALSE,FALSE,0,0,4,1,7,No,FALSE,6,3,NA,No Card,"Low shot angle, many balls bounced off"
AM,8,R1,2363,F,3,FALSE,FALSE,0,0,0,7,5,No,FALSE,26,5,NA,No Card,Small hopper
CR,8,B2,2988,F,NA,FALSE,FALSE,0,1,0,1,0,No,FALSE,NA,3,NA,No Card,NA
CC,8,R3,2068,M,NA,FALSE,FALSE,4,1,0,0,0,No,FALSE,NA,1,1,No Card,NA
SBS,8,R2,1885,C,3,FALSE,FALSE,2,0,0,0,0,No,FALSE,NA,1,1,No Card,Died really early in NZ
BH,8,B3,612,M,3,FALSE,FALSE,0,0,2,0,2,No,FALSE,NA,1,NA,No Card,Beached on balls after going over bump shooting extremely inconsistent intake very slow.
BP,8,B1,4099,C,NA,TRUE,FALSE,10,6,0,2,8,F,FALSE,6,1,NA,No Card,Good shooting
CC,9,R3,1908,C,3,FALSE,FALSE,13,6,2,4,2,No,FALSE,NA,5,NA,Yellow,NA
AM,9,R1,6882,M,NA,FALSE,FALSE,2,0,3,1,0,No,FALSE,6,3,NA,No Card,Got stuck on bump
CR,9,B2,122,C,NA,FALSE,FALSE,5,0,2,1,0,No,FALSE,16,3,1,No Card,NA
BH,9,B3,3258,M,3,FALSE,FALSE,0,0,3,2,0,No,FALSE,NA,3,NA,No Card,Temp beached on third go around
BP,9,B1,116,F,NA,FALSE,FALSE,0,0,0,0,0,No,FALSE,NA,1,NA,No Card,NA
SBS,9,R2,9403,F,NA,FALSE,FALSE,0,4,0,0,3,No,FALSE,NA,1,NA,No Card,Intake broke
AM,10,R1,9072,F,NA,FALSE,FALSE,0,8,1,3,7,No,FALSE,126,5,NA,No Card,Double turret unreliable sometimes.
CR,10,B2,8326,M,NA,FALSE,FALSE,5,0,2,0,1,No,FALSE,1,3,NA,No Card,NA
CC,10,R3,2186,C,NA,FALSE,FALSE,2,0,0,0,1,No,FALSE,2,1,NA,No Card,NA
BH,10,B3,2890,F,3,FALSE,FALSE,2,0,0,0,0,No,FALSE,NA,1,NA,No Card,Did41391t really do much
BP,10,B1,4638,C,1,FALSE,TRUE,0,4,1,0,1,F,FALSE,45,3,NA,No Card,Shooter fell off but pretty good defense
SBS,10,R2,5243,M,NA,FALSE,FALSE,0,1,1,1,6,L1,FALSE,2,2,NA,No Card,Auto spin :)
AM,11,R1,1895,M,NA,FALSE,FALSE,0,9,0,3,5,No,FALSE,26,5,NA,No Card,NA
CR,11,B2,620,M,NA,FALSE,FALSE,5,5,0,0,0,No,FALSE,25,4,NA,No Card,NA
CC,11,R3,3373,C,NA,FALSE,FALSE,0,0,0,0,7,No,FALSE,2,1,NA,No Card,NA
BH,11,B3,526,F,3,FALSE,FALSE,3,4,0,2,0,No,FALSE,NA,4,NA,No Card,VERY consistent shooting though rather slow
MH,11,R2,2963,F,NA,FALSE,FALSE,0,2,1,0,5,No,FALSE,12,2,NA,No Card,"didn?t really know where they were going, really struggled crossing the bump and got caught on the depot metal, hole in the bumper intake and shooter perpetually on???"
BP,11,B1,1793,C,NA,FALSE,FALSE,0,0,0,0,0,No,FALSE,NA,1,1,No Card,Died at the start. Appeared to be trying to move slightly but didn't work
AM,12,R1,5353,F,NA,FALSE,FALSE,10,7,1,5,8,No,FALSE,26,4,NA,No Card,Smallish hopper
CC,12,R3,5353,F,NA,FALSE,FALSE,0,4,0,2,9,No,FALSE,2,4,NA,No Card,NA
BP,12,B3,3359,F,NA,FALSE,FALSE,0,0,0,0,0,No,FALSE,NA,1,NA,No Card,NA
CR,12,B2,2534,C,NA,FALSE,FALSE,0,3,0,0,2,No,FALSE,2,4,NA,No Card,Intake barely remained functional
BP,12,B1,8230,M,NA,FALSE,FALSE,1,0,13,0,5,No,FALSE,46,3,NA,No Card,NA
HR,12,R2,539,M,NA,FALSE,FALSE,0,0,0,0,0,No,FALSE,NA,1,NA,No Card,"Their shooter or intake was. Probably malfunctioning, they did not leave alliance zone or shot on target"
KO,13,B3,5549,C,3,FALSE,FALSE,6,8,0,0,0,No,FALSE,6,3,NA,No Card,"Played defense most of the match, foul?"
CC,13,R3,4472,M,NA,FALSE,FALSE,3,1,0,3,0,No,FALSE,2,3,NA,No Card,NA
AM,13,R1,449,C,NA,FALSE,FALSE,0,8,0,1,4,No,FALSE,54126,5,NA,No Card,NA
CR,13,B2,1731,F,3,FALSE,FALSE,0,6,0,6,0,No,FALSE,612,5,NA,No Card,NA
HR,13,R2,3136,F,3,FALSE,FALSE,10,5,0,3,8,No,FALSE,16,4,NA,No Card,NA
BP,13,B1,611,M,1,FALSE,FALSE,0,0,5,0,4,No,FALSE,56,2,NA,No Card,NA
AM,14,R1,2988,M,NA,FALSE,FALSE,7,8,0,1,3,No,FALSE,162,3,NA,No Card,No accuracy
MY,14,R3,4638,C,2,FALSE,FALSE,0,8,2,0,0,No,FALSE,142,3,NA,No Card,"Liked I taking to hp, no shooting"
CR,14,B2,5338,F,3,FALSE,FALSE,3,4,0,2,3,No,FALSE,26,4,NA,No Card,Hopper flexed
NS,14,B3,2028,C,NA,FALSE,FALSE,0,0,6,0,0,L1,TRUE,12,3,NA,No Card,Got stuck on? bump mimentariky
BP,14,B1,10449,M,NA,FALSE,FALSE,0,4,0,0,1,No,FALSE,5,2,NA,No Card,Was41391t shooting
RY,14,R2,2377,F,NA,FALSE,FALSE,4,1,2,2,3,No,FALSE,16,3,NA,No Card,Had some problems with turret shooting
CR,15,B2,2363,C,3,FALSE,FALSE,0,4,0,5,0,No,FALSE,26,5,NA,No Card,NA
MY,15,R3,2068,M,NA,FALSE,FALSE,4,7,0,1,0,No,FALSE,6,4,NA,No Card,Indexer/shooting issues
NS,15,B3,9403,F,NA,FALSE,FALSE,2,1,0,0,0,No,FALSE,2,2,NA,No Card,"Tried to go under trench, too tall. Hopper cover fell off"
AM,15,R1,1793,NA,NA,FALSE,FALSE,0,0,0,0,0,No,FALSE,NA,1,NA,No Card,NA
BP,15,B1,620,NA,NA,FALSE,FALSE,0,0,0,0,0,No,FALSE,NA,1,NA,No Card,NA
RY,15,R2,2186,F,NA,FALSE,FALSE,0,4,0,0,5,No,FALSE,6,2,NA,No Card,"Weak hopper, wobbling the entire time, unable to contain more than like seven fuel"
NS,16,B3,9072,C,3,FALSE,FALSE,13,6,2,4,4,No,FALSE,NA,5,1,No Card,Died at end.
CR,16,B2,2534,M,NA,FALSE,FALSE,0,0,0,0,0,No,FALSE,NA,3,1,No Card,NA
MY,16,R3,122,M,NA,FALSE,FALSE,0,0,13,2,3,No,FALSE,346,4,NA,No Card,Loved the bump
RY,16,R2,526,F,3,FALSE,FALSE,1,5,0,2,0,No,FALSE,6,3,NA,No Card,Has to shift back and forth to shoot or else balls wo41391t reach shooter.
BP,16,B1,2890,F,NA,FALSE,FALSE,0,0,3,1,3,L1,FALSE,26,3,NA,No Card,Tried to trench but was too tall
AM,16,R1,3359,NA,NA,FALSE,FALSE,0,0,0,0,0,No,FALSE,NA,1,NA,No Card,NA
AM,17,R1,3258,F,NA,FALSE,FALSE,10,0,6,2,0,No,FALSE,16,4,NA,No Card,NA
BP2,17,R3,612,M,3,FALSE,FALSE,1,0,4,1,7,No,FALSE,1,2,NA,No Card,NA
FL,17,B3,2963,C,NA,FALSE,FALSE,0,0,2,1,0,No,FALSE,1,1,NA,No Card,Got beached twice. Could41391t intake anything
RY,17,R2,1908,C,3,FALSE,FALSE,3,4,3,3,8,No,FALSE,64,3,NA,No Card,Shot A LOT and greened a good amount
MF,17,B1,539,M,NA,FALSE,FALSE,0,0,2,1,0,No,FALSE,6,1,NA,No Card,Kept on ramming into the wall and trench
CC,17,B2,3136,F,2,FALSE,FALSE,6,6,0,4,0,No,FALSE,2,3,NA,No Card,NA
BP2,18,R3,5243,C,NA,FALSE,FALSE,9,6,0,2,8,No,FALSE,6,3,NA,No Card,"Tiny intake, moves rlly slow"
RY,18,R2,116,F,NA,FALSE,FALSE,0,0,0,0,0,No,FALSE,NA,1,NA,No Card,NA
CC,18,B2,8230,F,NA,FALSE,FALSE,1,4,0,3,0,No,FALSE,21,2,NA,No Card,NA
MC,18,R1,5353,M,NA,FALSE,FALSE,0,0,0,2,0,No,FALSE,NA,3,NA,No Card,NA
BP,18,B1,4099,C,3,TRUE,FALSE,10,4,0,1,6,No,FALSE,6,3,NA,No Card,Their shooter seemed to have temporarily broken?
FL,18,B3,4472,M,NA,FALSE,FALSE,4,5,0,2,2,No,FALSE,6,3,NA,No Card,NA
BP2,19,R3,1885,F,3,FALSE,FALSE,0,0,0,0,0,No,FALSE,NA,1,NA,No Card,"Turret, stopped doing anything after auto"
CR,19,R1,1885,F,3,FALSE,FALSE,0,0,0,0,0,No,FALSE,NA,3,1,No Card,NA
CC,19,B2,5549,C,3,FALSE,FALSE,10,6,0,2,0,No,FALSE,2,3,NA,No Card,NA
BP,19,B1,5338,F,NA,FALSE,FALSE,4,8,0,2,4,No,FALSE,643,3,NA,No Card,NA
HR,19,R2,1731,C,NA,FALSE,FALSE,0,2,3,3,0,No,FALSE,6,3,NA,No Card,One of the turrets malfunctioned
FL,19,B3,1895,M,NA,FALSE,FALSE,4,5,4,1,7,No,FALSE,3,3,NA,No Card,Passer bot even during active?
CC,20,B2,2377,C,1,FALSE,FALSE,5,2,0,4,4,No,FALSE,2,3,NA,No Card,NA
BP2,20,R3,3373,C,NA,FALSE,FALSE,0,0,4,3,8,No,FALSE,NA,3,NA,No Card,NA
CR,20,R1,3373,C,NA,FALSE,FALSE,0,0,5,1,0,No,FALSE,6,4,NA,No Card,NA
HR,20,R2,611,F,NA,FALSE,FALSE,0,0,4,0,7,No,FALSE,6,3,NA,No Card,Intake jammed
BP,20,B1,449,C,NA,FALSE,FALSE,0,5,0,2,4,No,FALSE,NA,5,NA,No Card,Good shooting and defense
AW,20,B3,5587,M,NA,FALSE,FALSE,5,3,0,1,5,No,FALSE,NA,3,NA,No Card,Was behind the hub& out of sight for a bunch of the match (might have picked up more than I counted)
CR,21,R1,3136,F,3,FALSE,FALSE,9,6,0,4,7,No,FALSE,26,5,NA,No Card,Flexible intake
BP,21,B1,539,C,NA,FALSE,FALSE,0,0,6,1,0,F,FALSE,65,2,NA,No Card,Got beached on the balls and bump. for some time
HR,21,R2,526,M,NA,FALSE,FALSE,5,6,1,0,3,No,FALSE,25,3,NA,No Card,Intake jammed
AW,21,B3,2068,F,NA,FALSE,FALSE,0,10,0,3,0,No,FALSE,6,3,NA,No Card,"Couldn41391t see its auto, so I don41391t know what it started with"
CC,21,B2,2068,F,NA,FALSE,FALSE,0,6,0,3,0,No,FALSE,2,3,NA,No Card,NA
AM,21,R3,3136,F,3,FALSE,FALSE,10,3,0,4,5,No,FALSE,26,5,NA,No Card,NA
CC,22,B2,116,NA,NA,FALSE,FALSE,0,0,0,0,0,No,FALSE,NA,1,NA,No Card,NA
AM,22,R3,620,C,NA,FALSE,FALSE,10,3,3,4,5,No,FALSE,426,5,NA,No Card,NA
HR,22,R2,2028,F,NA,FALSE,FALSE,10,0,6,3,3,No,FALSE,61,5,NA,No Card,NA
CR,22,R1,620,C,NA,FALSE,FALSE,4,9,4,3,0,No,FALSE,2364,5,NA,No Card,Very fast and versatile
BP,22,B1,10449,M,NA,FALSE,FALSE,2,0,0,0,0,No,FALSE,NA,1,NA,No Card,Stayed in alliance zone and didn41391t shoot very well
KL,22,B3,10449,M,3,FALSE,FALSE,6,0,0,0,0,No,FALSE,2,2,NA,No Card,Was slow and didn41391t really do anything
BP,23,B1,1793,NA,NA,FALSE,FALSE,0,0,0,0,0,No,FALSE,NA,1,NA,No Card,NA
AM,23,R3,122,C,NA,FALSE,FALSE,10,1,11,2,3,No,FALSE,246,5,NA,No Card,NA
HR,23,R2,5549,F,3,FALSE,FALSE,9,0,0,0,0,No,FALSE,NA,2,NA,No Card,Got stuck in trench
KL,23,B3,1793,M,NA,FALSE,FALSE,0,0,0,0,0,No,FALSE,NA,1,NA,No Card,NA
CR,23,R1,122,C,NA,FALSE,FALSE,3,3,9,2,0,No,FALSE,256,4,NA,No Card,Unbeached themselves
AC,23,B2,5353,F,3,FALSE,FALSE,5,3,0,5,6,No,FALSE,6,4,NA,No Card,NA
AM,24,R3,2363,C,3,FALSE,FALSE,0,14,0,4,7,No,FALSE,26,4,NA,No Card,NA
BP,24,B1,611,M,NA,FALSE,FALSE,0,0,0,0,0,No,FALSE,NA,1,1,No Card,NA
CC,24,B2,9072,C,3,FALSE,FALSE,20,6,0,4,2,No,FALSE,NA,4,NA,No Card,NA
CR,24,R1,2363,C,NA,FALSE,FALSE,0,12,0,3,0,No,FALSE,26,4,NA,No Card,NA
HR,24,R2,4099,F,3,FALSE,FALSE,10,4,2,3,3,No,FALSE,6,4,NA,No Card,Overshot a lot
MH,24,B3,449,C,2,FALSE,FALSE,0,6,0,0,6,No,FALSE,264,4,NA,No Card,"very effective no penalty defense, shooter broke?"
CC,25,B2,3373,F,NA,FALSE,FALSE,2,0,2,3,0,No,FALSE,NA,2,NA,No Card,NA
AM,25,R3,1895,M,NA,FALSE,FALSE,3,5,7,2,4,No,FALSE,26,5,NA,No Card,NA
HR,25,R2,2534,C,NA,FALSE,FALSE,0,3,0,0,1,No,FALSE,245,1,NA,No Card,Intake failed
CR,25,R1,1895,M,NA,FALSE,FALSE,0,5,7,3,0,No,FALSE,26,4,NA,No Card,Easily goes over bump
BP,25,B1,5587,C,NA,FALSE,FALSE,3,4,0,0,7,No,FALSE,26,1,NA,No Card,Sat still in alliance zone for long periods of time
KO,25,B3,2988,M,2,FALSE,FALSE,0,1,1,0,9,No,FALSE,2,1,NA,No Card,Slow shooter
AM,26,R3,1731,C,3,FALSE,FALSE,10,16,0,1,3,No,FALSE,NA,3,NA,No Card,Double turret
SBS,26,R2,5353,M,NA,FALSE,FALSE,4,8,0,5,5,No,FALSE,6,4,NA,No Card,NA
MH,26,R1,9403,F,NA,FALSE,FALSE,0,2,0,0,3,No,FALSE,2,3,NA,No Card,intake no work
CC,26,B2,2377,C,NA,FALSE,FALSE,13,4,0,2,4,No,FALSE,NA,4,NA,No Card,NA
BP,26,B1,2890,F,2,FALSE,TRUE,10,0,6,2,5,L1,FALSE,6,3,NA,No Card,Shot accurately?
RY,26,B3,3258,M,NA,FALSE,FALSE,8,0,3,3,3,No,FALSE,16,3,NA,No Card,NA
MC,27,B3,3136,F,NA,FALSE,FALSE,0,3,0,2,8,L1,FALSE,26,4,NA,No Card,"Pretty consistent shooting, relatively fast l1 climb"
AM,27,R3,5243,M,NA,FALSE,FALSE,5,7,1,2,7,F,FALSE,26,4,NA,No Card,Single turret
BP,27,B1,6882,M,NA,FALSE,FALSE,5,1,1,1,3,No,FALSE,6,1,NA,No Card,"Driving was slow, got caught on balls for short periods of time"
CR,27,R1,5243,M,NA,FALSE,FALSE,0,6,2,3,1,No,FALSE,26,3,NA,No Card,NA
SBS,27,R2,1885,C,NA,FALSE,FALSE,3,2,0,0,0,No,FALSE,1,1,NA,No Card,Stopped for a while and then started up again near match end
CC,27,B2,3359,NA,NA,FALSE,FALSE,0,0,0,0,0,No,FALSE,NA,1,NA,No Card,NA
CR,28,R1,1793,NA,NA,FALSE,FALSE,0,0,0,0,0,No,FALSE,NA,1,NA,No Card,NA
BP,28,B1,116,NA,NA,FALSE,FALSE,0,0,0,0,0,No,FALSE,NA,1,NA,No Card,NA
MC,28,B3,4099,C,3,FALSE,FALSE,10,5,0,3,0,No,FALSE,6,2,NA,No Card,NA
AM,28,R3,2963,M,NA,FALSE,FALSE,0,0,0,0,0,F,FALSE,NA,2,NA,No Card,Can41391t do bump and trench
CC,28,B2,2186,F,NA,FALSE,FALSE,2,2,0,2,1,No,FALSE,NA,2,NA,No Card,NA
SBS,28,R2,10449,F,NA,FALSE,FALSE,0,10,0,0,0,No,FALSE,2,2,NA,No Card,"Mid driving, minimal game sense, some bulldozing"
AM,29,R3,1908,C,3,FALSE,FALSE,5,3,1,2,5,No,FALSE,NA,1,1,No Card,"Accurate shooter, can shoot on the move with some reliability?"
SBS,29,R2,5587,F,NA,FALSE,FALSE,0,6,1,2,4,No,FALSE,2,3,NA,No Card,NA
NS,29,B3,526,C,3,FALSE,FALSE,0,3,1,0,1,No,FALSE,2,3,NA,No Card,"Intake broke off during auto, didn41391t shoot/intake further"
CR,29,R1,4472,M,NA,FALSE,FALSE,4,6,0,3,3,No,FALSE,16,4,NA,No Card,BP
CC,29,B2,2988,M,NA,FALSE,FALSE,6,5,1,2,1,No,FALSE,2,3,NA,No Card,NA
BP,29,B1,5338,F,NA,FALSE,FALSE,0,4,2,3,2,No,FALSE,26,3,NA,No Card,Shot well but couldn41391t pull off multiple cycles per shift
AM,30,R3,8230,C,NA,FALSE,FALSE,0,17,4,0,0,No,FALSE,42,4,NA,No Card,Didn41391t shoot or intake
NS,30,B3,1731,F,NA,FALSE,FALSE,0,6,0,1,7,No,FALSE,216,3,NA,No Card,Heavy defense damaged the robot during the math.
KO,30,B1,2363,C,3,FALSE,FALSE,3,5,0,1,3,No,FALSE,6,2,NA,No Card,NA
CR,30,R1,122,M,NA,FALSE,FALSE,4,4,12,1,7,No,FALSE,46,1,NA,No Card,NA
CC,30,B2,4638,M,NA,FALSE,FALSE,0,0,0,0,0,No,FALSE,NA,1,1,No Card,No moving
SBS,30,R2,611,F,NA,FALSE,FALSE,0,4,3,0,0,No,FALSE,45,4,NA,No Card,Intake not working again learned to do defense tho
KO,31,B1,620,C,2,FALSE,FALSE,3,6,6,0,3,No,FALSE,25,2,NA,No Card,Didn't really shoot much idk
NS,31,B3,5353,M,NA,FALSE,FALSE,5,6,2,3,0,No,FALSE,62,5,NA,No Card,NA
CR,31,R1,2890,C,2,FALSE,FALSE,10,0,5,2,0,L1,FALSE,6,1,NA,No Card,NA
AM,31,R3,539,F,NA,FALSE,FALSE,0,0,2,3,8,L1,TRUE,26,3,NA,No Card,"Barely made it over bump, climbed too early"
SBS,31,R2,449,M,NA,FALSE,FALSE,0,3,2,0,0,No,FALSE,42,4,NA,No Card,"swerve was all messed up, super jittery"
CC,31,B2,1895,F,NA,FALSE,FALSE,0,6,0,3,0,No,FALSE,NA,4,NA,No Card,NA
AM,32,R3,3373,M,NA,FALSE,FALSE,0,0,4,1,7,No,FALSE,26,3,NA,No Card,NA
SBS,32,R2,3258,M,NA,FALSE,FALSE,2,0,7,2,1,No,FALSE,NA,3,NA,No Card,Tank drive
MC,32,B3,2377,F,2,FALSE,FALSE,8,3,1,3,7,No,FALSE,6,1,NA,No Card,NA
CR,32,R1,2068,F,NA,FALSE,FALSE,2,6,0,2,9,No,FALSE,26,1,NA,No Card,NA
CC,32,B2,5549,M,NA,FALSE,FALSE,5,2,0,4,7,No,FALSE,NA,4,NA,No Card,NA
KO,32,B1,5243,F,2,FALSE,FALSE,0,1,3,1,3,No,FALSE,2,3,NA,No Card,Did nothing during auto; relatively slow shooter; attempted climb
SBS,33,R2,3359,M,NA,FALSE,FALSE,0,4,0,0,2,No,FALSE,NA,1,NA,No Card,NA
AM,33,R3,9403,C,NA,FALSE,FALSE,0,4,0,0,6,No,FALSE,NA,2,NA,No Card,NA
MC,33,B3,6882,F,NA,FALSE,FALSE,0,6,0,2,8,No,FALSE,26,3,NA,No Card,I think maybe Kitbot?
CR,33,R1,612,F,NA,FALSE,FALSE,4,0,0,0,7,No,FALSE,NA,2,NA,No Card,NA
AM,34,R3,526,C,3,FALSE,FALSE,7,3,1,1,4,No,FALSE,26,4,NA,No Card,Intake completely broken.?
CC,34,B2,4638,M,NA,FALSE,FALSE,0,4,0,0,2,No,FALSE,2,2,NA,No Card,NA
CR,34,R1,2534,F,NA,FALSE,FALSE,0,16,0,0,0,No,FALSE,2,5,NA,No Card,"Can41391t shoot, great at balldozing"
KO,34,B1,1885,F,NA,FALSE,FALSE,0,6,0,5,0,No,FALSE,NA,2,NA,No Card,Turret; no hopper; slow shooter - scored 5 balls total
NS,34,R2,2028,M,NA,FALSE,FALSE,4,0,2,2,0,L1,TRUE,6,3,NA,No Card,"Heavily relied on balls within their alliance zone. Hopper front fell off. Got knocked off the tower during endgame, foul."
RY,34,B3,611,C,3,TRUE,FALSE,0,0,5,0,0,No,FALSE,4,3,NA,No Card,Very heavy defense
MY,35,B1,3136,F,3,FALSE,FALSE,8,8,0,2,0,No,FALSE,26,3,NA,No Card,NA
NS,35,R2,5353,M,NA,FALSE,FALSE,5,4,0,4,0,No,FALSE,6,3,NA,No Card,NA
JD,35,B3,2988,M,NA,FALSE,FALSE,6,3,3,3,0,No,FALSE,6,3,NA,No Card,Freed their teammate?
CC,35,B2,122,C,NA,FALSE,FALSE,1,0,4,0,2,No,FALSE,31,3,NA,No Card,NA
AM,35,R3,4099,F,3,FALSE,FALSE,10,5,1,2,5,No,FALSE,6,4,NA,No Card,NA
CR,35,R1,5338,C,3,FALSE,FALSE,0,3,0,4,5,No,FALSE,26,4,NA,No Card,"Flexy hopper, intake blocked by hopper"
CR,36,R1,1908,F,3,FALSE,FALSE,8,3,2,4,0,No,FALSE,26,5,NA,No Card,Fast shooter
CC,36,B2,2890,M,NA,FALSE,TRUE,0,4,0,2,7,No,FALSE,NA,3,NA,No Card,NA
JD,36,B3,5243,M,NA,FALSE,FALSE,0,3,1,0,5,No,FALSE,NA,1,NA,No Card,Attempted to climb and got stuck for most of. match but got freed
NS,36,R2,449,C,3,FALSE,FALSE,3,2,0,4,3,No,FALSE,6,5,NA,No Card,449 GOAT High Score
AM,36,R3,2963,M,NA,FALSE,FALSE,0,0,2,0,0,F,FALSE,NA,3,NA,No Card,Didn41391t do anything
RY,36,B1,8230,F,NA,FALSE,FALSE,0,2,4,0,0,No,FALSE,45,1,NA,No Card,"only played defense, ineffective though"
JD,37,B3,116,NA,NA,FALSE,FALSE,0,0,0,0,0,No,FALSE,NA,1,NA,No Card,NA
CC,37,B2,1793,NA,NA,FALSE,FALSE,0,0,0,0,0,No,FALSE,NA,1,NA,No Card,NA
AM,37,R3,612,M,NA,FALSE,FALSE,10,0,4,1,0,No,FALSE,NA,3,NA,No Card,"Tank drive, turret.?"
BP,37,B1,3359,C,NA,FALSE,FALSE,0,0,0,0,0,No,FALSE,NA,1,NA,No Card,Trying to go under trench with a robot that is way too tall. Stayed in alliance zone and didn41391t shoot
CR,37,R1,2377,F,1,FALSE,FALSE,0,6,0,3,3,No,FALSE,26,4,NA,No Card,NA
NS,37,R2,8326,C,NA,FALSE,FALSE,0,0,4,0,6,No,FALSE,16,1,NA,No Card,Intake jammed/broke and was largely innefective
AM,38,R3,620,M,NA,FALSE,FALSE,5,2,1,2,0,No,FALSE,NA,5,1,No Card,NA
JD,38,B3,2363,F,3,FALSE,FALSE,9,4,0,1,7,No,FALSE,2,3,NA,No Card,NA
CR,38,R1,2186,NA,NA,FALSE,FALSE,0,0,0,0,0,No,FALSE,NA,2,1,No Card,NA
CC,38,B2,4472,M,NA,FALSE,FALSE,2,4,0,2,8,No,FALSE,12,3,NA,No Card,NA
BP,38,B1,3258,C,NA,FALSE,FALSE,3,0,2,1,0,No,FALSE,NA,2,NA,No Card,"Indexing issues, low-ish accuracy"
NS,38,R2,5587,F,NA,FALSE,FALSE,7,0,0,0,0,No,FALSE,NA,3,1,No Card,Stopped fully during the match
AM,39,R3,10449,M,NA,FALSE,FALSE,2,0,0,0,3,No,FALSE,2,2,NA,No Card,NA
MC,39,B3,2534,F,NA,FALSE,FALSE,0,10,0,0,2,No,FALSE,NA,4,NA,No Card,Literally just bulldozer under the trench and pushed some over the bump the entire time. Did it pretty well though.
NS,39,R2,5549,F,3,FALSE,FALSE,10,8,0,0,0,No,FALSE,2,3,NA,No Card,NA
CR,39,R1,9403,C,NA,FALSE,FALSE,0,4,0,0,3,No,FALSE,NA,2,NA,No Card,NA
BP,39,B1,539,C,NA,FALSE,FALSE,2,0,2,2,7,L1,FALSE,6,2,NA,No Card,Fast intake but only the first balls in each volley got close
CC,39,B2,3373,M,NA,FALSE,FALSE,4,4,0,3,7,No,FALSE,NA,4,NA,No Card,NA
JD,40,B3,1885,F,3,FALSE,FALSE,0,6,0,2,0,No,FALSE,NA,1,NA,No Card,NA
AM,40,R3,1731,C,NA,FALSE,FALSE,10,10,0,4,0,No,FALSE,126,5,NA,No Card,Intake stopped working about halfway through. Double turret worked well
CR,40,R1,2068,M,NA,FALSE,FALSE,1,5,0,0,0,No,FALSE,2,5,NA,No Card,"Didn41391t shoot, bulldozed over trench"
BP,40,B1,6882,M,NA,FALSE,FALSE,2,2,0,1,4,No,FALSE,6,1,NA,No Card,Didn41391t leave AZ
NS,40,R2,9072,F,1,FALSE,FALSE,19,4,0,5,5,No,FALSE,26,4,NA,No Card,NA
CC,40,B2,1895,C,3,FALSE,FALSE,2,5,2,1,4,No,FALSE,31,4,NA,No Card,"Very good went to other side and blocked a few shots, didn41391t shoot much."
BP,41,B1,116,NA,NA,FALSE,FALSE,0,0,0,0,0,No,FALSE,NA,1,NA,No Card,NA
CR,41,R1,2890,C,NA,FALSE,FALSE,0,0,0,0,0,No,FALSE,NA,1,1,No Card,NA
JD,41,B3,449,F,3,FALSE,FALSE,0,5,1,2,6,No,FALSE,2,5,NA,No Card,Helped teammate off bump
NS,41,R2,612,M,NA,FALSE,FALSE,5,0,0,0,3,No,FALSE,NA,1,NA,No Card,Drive train is dis functional - wheels are in the middle
CC,41,B2,2028,M,2,FALSE,FALSE,10,0,5,3,2,No,FALSE,12,5,NA,No Card,Very good teamwork
AM,41,R3,1793,NA,NA,FALSE,FALSE,0,0,0,0,0,No,FALSE,NA,1,NA,No Card,NA
KO,42,B3,2377,M,NA,FALSE,FALSE,6,1,3,1,0,No,FALSE,NA,3,NA,No Card,Shooter kinda slow
CR,42,R1,4638,C,NA,FALSE,FALSE,0,0,0,0,0,No,FALSE,NA,1,1,No Card,NA
BP,42,B1,122,M,NA,FALSE,FALSE,3,2,5,1,5,No,FALSE,26,2,NA,No Card,NA
AM,42,R3,3359,F,NA,FALSE,FALSE,0,0,0,0,0,No,FALSE,NA,2,NA,No Card,"Got stuck on bump, too tall for trench. Not much hopper space"
NS,42,R2,620,M,NA,FALSE,FALSE,10,8,0,2,0,No,FALSE,162,2,NA,No Card,Inconsistent shooter
CC,42,B2,2363,C,3,FALSE,FALSE,3,7,0,2,9,No,FALSE,NA,1,NA,No Card,Crash alot
AM,43,R3,3373,C,NA,FALSE,FALSE,0,0,4,1,3,No,FALSE,26,4,NA,No Card,NA
CC,43,B2,5353,M,NA,FALSE,FALSE,10,6,2,4,2,No,FALSE,21,4,NA,No Card,Help teammate off bump
KO,43,B3,2186,C,NA,FALSE,FALSE,4,4,0,0,6,No,FALSE,2,3,NA,No Card,Didn41391t fill hopper fully
BP,43,B1,8230,F,NA,FALSE,FALSE,3,7,7,1,3,No,FALSE,45,2,NA,No Card,"Got stuck on bump, but got pushed off"
NS,43,R2,1908,F,1,FALSE,FALSE,10,4,2,5,0,No,FALSE,256,1,NA,No Card,NA
CR,43,R1,5243,M,NA,FALSE,FALSE,2,1,3,2,5,No,FALSE,26,5,NA,No Card,"Slow shooter, good aim"
CC,44,B2,2963,NA,NA,FALSE,FALSE,0,0,0,0,0,No,FALSE,NA,1,NA,No Card,NA
MY,44,R2,5587,F,NA,FALSE,FALSE,3,2,0,0,0,No,FALSE,2,2,NA,No Card,Had swerve issues
BP,44,B1,2068,M,NA,FALSE,FALSE,2,6,4,1,5,No,FALSE,NA,2,NA,No Card,NA
AM,44,R3,6882,M,NA,FALSE,FALSE,0,3,3,2,3,No,FALSE,6,3,NA,No Card,Kind of slow driving tank drive
CR,44,R1,2534,C,NA,FALSE,FALSE,0,6,0,0,7,No,FALSE,2,4,NA,No Card,"Didn41391t shoot, bulldozed effectively?"
KO,44,B3,5549,C,NA,FALSE,FALSE,0,0,0,0,0,No,FALSE,NA,1,NA,No Card,"Sat in close trench basically all game, shot 1 ball but missed?"
CC,45,B2,9072,C,3,FALSE,FALSE,13,6,0,2,8,No,FALSE,12,4,NA,No Card,NA
MY,45,R2,4472,M,NA,FALSE,FALSE,3,4,0,3,3,No,FALSE,1,4,NA,No Card,NA
MC,45,R3,611,C,NA,FALSE,FALSE,3,0,9,2,1,No,FALSE,64,4,NA,No Card,Good defense especially in the oz
RY,45,B3,539,M,2,FALSE,TRUE,0,0,7,0,7,L1,TRUE,6,2,NA,No Card,Bad Accuracy
BP,45,B1,1885,F,3,FALSE,FALSE,0,5,0,2,0,No,FALSE,52,3,NA,No Card,NA
CR,45,R1,8326,F,NA,FALSE,FALSE,0,0,3,1,5,No,FALSE,6,1,NA,No Card,"Struggles over bump, can41391t trench"
RY,46,B3,1895,C,1,FALSE,FALSE,0,4,2,1,8,No,FALSE,26,3,NA,No Card,NA
CC,46,B2,3258,M,NA,FALSE,FALSE,0,2,4,3,2,No,FALSE,2,4,NA,No Card,NA
MY,46,R2,526,F,3,FALSE,FALSE,0,15,2,0,0,No,FALSE,2,4,NA,No Card,So much bulldowzing
BP,46,B1,1731,F,3,FALSE,FALSE,8,8,0,2,6,No,FALSE,256,3,NA,No Card,NA
CR,46,R1,10449,M,NA,FALSE,FALSE,0,1,0,0,3,No,FALSE,NA,2,NA,No Card,Had trouble intaking
KO,46,R3,4099,F,3,FALSE,FALSE,1,4,0,0,0,L1,TRUE,12,4,NA,No Card,"Great shooting accuracy at start of teleop, played defense later on"
CC,47,B2,9403,C,NA,FALSE,FALSE,3,1,0,0,0,No,FALSE,NA,1,1,No Card,NA
KO,47,R3,620,M,NA,FALSE,FALSE,5,9,0,1,3,No,FALSE,2,4,NA,No Card,Faulty intake?
RY,47,B3,8230,F,2,FALSE,FALSE,0,11,0,0,0,No,FALSE,26,3,NA,No Card,Couldn41391t shoot
MY,47,R2,5338,NA,3,FALSE,FALSE,10,8,0,4,0,No,FALSE,6,4,NA,No Card,NA
BP,47,B1,2988,M,NA,FALSE,FALSE,2,5,1,2,3,No,FALSE,65,2,NA,No Card,NA
CR,47,R1,5338,C,3,FALSE,FALSE,8,6,0,3,0,No,FALSE,26,3,NA,No Card,"Slow, wobbly hopper"
KO,48,R3,1793,NA,NA,FALSE,FALSE,0,0,0,0,0,No,FALSE,NA,1,NA,No Card,NA
Ashwin,48,B3,3359,M,1,FALSE,FALSE,2,0,0,0,2,No,FALSE,NA,1,NA,No Card,NA
CR,48,R1,3373,NA,NA,FALSE,FALSE,0,0,4,1,2,No,FALSE,6,2,NA,No Card,Ineffective intake
BP,48,B1,1908,C,3,FALSE,FALSE,5,4,1,4,5,No,FALSE,26,4,NA,No Card,NA
MY,48,R2,2028,NA,1,FALSE,FALSE,8,0,7,3,0,No,FALSE,16,4,NA,No Card,"Got stuck, unstuck friend"
CC,48,B2,2068,F,NA,FALSE,FALSE,2,6,0,1,7,No,FALSE,NA,3,NA,No Card,NA
MY,49,R2,1885,C,3,FALSE,FALSE,0,1,0,0,0,No,FALSE,6,2,NA,No Card,"Stopped in middle of match, never moved after that"
CR,49,B3,5243,M,NA,FALSE,FALSE,2,2,0,2,5,No,FALSE,2,2,NA,No Card,NA
LJ,49,R1,116,NA,NA,FALSE,FALSE,0,0,0,0,0,No,FALSE,NA,1,NA,No Card,NA
KO,49,R3,5549,F,NA,FALSE,FALSE,0,0,0,0,0,No,FALSE,NA,1,NA,No Card,Didn't move all game
BP,49,B1,5587,C,NA,FALSE,FALSE,2,6,0,1,5,No,FALSE,6,2,NA,No Card,Some unnecessary middle trips during active phase
CC,49,B2,4638,F,NA,FALSE,FALSE,2,8,0,2,2,No,FALSE,234,4,NA,No Card,NA
GK,50,B3,2534,F,NA,FALSE,FALSE,0,7,0,0,0,No,FALSE,23,4,1,No Card,Lost bumper; disabled
KO,50,R3,2377,M,1,FALSE,FALSE,4,4,0,1,0,No,FALSE,2,3,NA,No Card,"Turret, decent accuracy ig"
BP,50,B1,122,C,NA,FALSE,FALSE,0,2,4,2,6,No,FALSE,NA,2,NA,No Card,Inconsistent accuracy?
CC,50,B2,612,M,NA,FALSE,FALSE,0,0,3,1,4,No,FALSE,NA,2,NA,No Card,"Shot when not active, gets stuck"
LJ,50,R1,611,C,3,TRUE,FALSE,0,0,2,0,0,No,FALSE,62,3,NA,No Card,"Intake until 30% full, shooter didn41391t work, could only herd little clumps"
NS,50,R2,4099,F,1,FALSE,FALSE,0,4,2,4,0,No,FALSE,6,5,NA,No Card,NA
KO,51,R3,2890,C,2,FALSE,TRUE,3,0,4,1,7,No,FALSE,6,3,NA,No Card,Mid accuracy
LJ,51,R1,2363,F,3,FALSE,FALSE,3,9,0,0,3,No,FALSE,2,3,NA,No Card,"Lots of herding, intake and shooting slow. Also herded by driving partially over bumps, not super efficient"
NS,51,R2,6882,M,NA,FALSE,FALSE,0,0,0,0,0,No,FALSE,NA,1,NA,No Card,"Didn41391t die, but didn41391t move throughout the whole match?"
CC,51,B2,539,M,NA,FALSE,FALSE,2,0,4,3,1,No,FALSE,2,3,NA,No Card,NA
BP,51,B1,3258,C,NA,FALSE,FALSE,2,0,6,3,2,No,FALSE,6,1,NA,No Card,"Got stuck on balls for short time, clean bump crossing"
MH,51,B3,5338,F,3,FALSE,FALSE,7,5,1,2,7,No,FALSE,26,3,NA,No Card,NA
MC,52,R3,8326,M,NA,FALSE,FALSE,0,0,6,0,4,No,FALSE,64,3,NA,No Card,Got stuck but got unstuck
BS,52,B3,5353,M,NA,FALSE,FALSE,0,0,0,0,0,No,FALSE,1,1,NA,No Card,Didn41391t move?
NS,52,R2,449,C,1,FALSE,FALSE,0,4,0,0,0,No,FALSE,4,5,NA,No Card,"Auto didn41391t pick up balls, clipped bump. Defense all match by Oliver, and pushed to outpost"
BP,52,B1,3136,C,3,FALSE,FALSE,3,6,0,2,5,No,FALSE,56,2,NA,No Card,NA
CC,52,B2,10449,F,NA,FALSE,FALSE,0,4,0,1,3,No,FALSE,2,3,NA,No Card,NA
MC,52,R3,8326,M,NA,FALSE,FALSE,0,0,6,0,4,No,FALSE,64,3,NA,No Card,Got stuck but got unstuck
NS,53,R2,4472,F,NA,FALSE,FALSE,0,3,0,2,6,No,FALSE,162,4,NA,No Card,NA
BP,53,B1,2963,M,NA,FALSE,FALSE,2,0,1,0,0,No,FALSE,5,1,1,No Card,"Got stuck on bump, then played defense, then stopped"
CC,53,B2,9403,F,NA,FALSE,FALSE,2,0,0,1,0,No,FALSE,NA,2,NA,No Card,NA
AC,53,R3,1731,C,3,FALSE,FALSE,1,4,0,6,1,No,FALSE,1623,4,NA,No Card,NA
MH,53,R1,2988,M,NA,FALSE,FALSE,7,2,1,0,2,No,FALSE,21,2,NA,No Card,unsure of where they were going
BS,53,B3,9072,C,3,FALSE,FALSE,1,5,2,5,0,No,FALSE,1,1,1,No Card,Died in endgame?
CC,54,B2,1908,F,3,FALSE,FALSE,6,6,0,4,0,No,FALSE,NA,4,NA,No Card,Over-aimed
BP,54,B1,2186,C,NA,FALSE,FALSE,3,6,0,1,4,No,FALSE,26,2,NA,No Card,NA
AC,54,R3,5587,F,1,FALSE,FALSE,0,1,0,0,0,No,FALSE,NA,1,NA,No Card,Didn41391t really do anything
LJ,54,R1,1895,C,3,FALSE,FALSE,2,5,0,1,5,No,FALSE,26,3,1,No Card,"Auto scored preloaded, was briefly disabled for about 30 seconds, got beached on fuel and depot for about 15 seconds. Was very speedy at herding while working"
NS,54,R2,3359,F,NA,FALSE,FALSE,0,0,3,0,0,No,FALSE,NA,2,NA,No Card,Didn41391t do much. Bumper broke in half
BS,54,B3,2377,M,1,FALSE,FALSE,0,1,2,2,0,No,FALSE,2,4,NA,No Card,I couldn41391t really see what they were doing most the match
LJ,55,R1,5549,F,NA,FALSE,FALSE,0,0,0,0,0,No,FALSE,NA,1,1,No Card,NA
CC,55,B2,2534,M,NA,FALSE,FALSE,2,3,0,0,7,No,FALSE,NA,3,1,No Card,NA
AC,55,R3,2890,C,2,FALSE,TRUE,10,0,3,3,0,L1,FALSE,26,3,NA,No Card,NA
BP,55,B1,4638,F,NA,FALSE,FALSE,0,6,0,0,7,L1,FALSE,6,2,NA,No Card,NA
NS,55,R2,620,M,NA,FALSE,FALSE,5,0,8,1,5,No,FALSE,43,3,NA,No Card,Beached on Ball. A intake has trouble filling hopper
CR,55,B3,4099,C,NA,TRUE,FALSE,4,0,0,1,6,No,FALSE,2,3,NA,No Card,"Intook once, used outpost"
MH,56,R3,5338,C,3,FALSE,FALSE,7,3,1,3,1,No,FALSE,26,4,NA,No Card,Competent
NS,56,R2,449,M,NA,FALSE,FALSE,5,1,4,2,6,No,FALSE,2564,5,NA,No Card,NA
CC,56,B2,3373,M,NA,FALSE,FALSE,2,1,5,1,4,No,FALSE,2,4,NA,No Card,NA
CR,56,B3,1885,F,3,FALSE,FALSE,0,1,0,0,0,No,FALSE,2,3,1,No Card,NA
BP,56,B1,526,C,3,FALSE,FALSE,2,14,0,2,0,No,FALSE,325,3,NA,No Card,NA
LJ,56,R1,2363,F,3,FALSE,FALSE,0,0,0,0,8,No,FALSE,26,2,NA,No Card,"Spent a lot of time meandering in alliance zone, intake slow and struggled with herding"
MH,57,R3,3136,F,3,FALSE,FALSE,6,6,0,3,7,No,FALSE,62,3,NA,No Card,NA
MC,57,B2,1793,M,2,FALSE,FALSE,6,0,0,0,0,No,FALSE,NA,1,1,No Card,I think it started browning out then it died
NS,57,R2,1731,C,NA,FALSE,FALSE,0,4,2,3,0,No,FALSE,1,3,1,No Card,NA
AW,57,B3,5353,F,3,FALSE,FALSE,5,8,2,6,5,No,FALSE,26,4,NA,No Card,NA
BP,57,B1,9072,C,3,FALSE,FALSE,6,6,0,6,3,No,FALSE,1,4,NA,No Card,NA
LJ,57,R1,2028,M,2,FALSE,FALSE,0,1,3,2,9,No,FALSE,26,4,NA,No Card,"Spent fair amount of time in AZ intaking, got beached on bump briefly"
MY,58,R3,116,NA,NA,FALSE,FALSE,0,0,0,0,0,No,FALSE,NA,1,NA,No Card,NA
MH,58,B2,2186,C,NA,FALSE,FALSE,2,2,0,1,0,No,FALSE,26,2,NA,No Card,"Mid intake, unsure movements"
NS,58,R2,1895,C,NA,FALSE,FALSE,0,2,1,0,0,No,FALSE,2,2,1,No Card,Auto obstructed by wall. Unsuccessful. Died/came back to life many times
AW,58,B3,3258,F,NA,FALSE,FALSE,8,0,8,2,0,No,FALSE,2,3,NA,No Card,NA
LJ,58,R1,2988,M,NA,FALSE,FALSE,1,1,3,1,2,No,FALSE,6,2,NA,No Card,"Kitbot, struggled to intake full until last active period"
RY,58,B1,611,M,NA,FALSE,FALSE,0,0,8,0,4,No,FALSE,2,2,NA,No Card,NA
MH,59,B2,2068,F,NA,FALSE,FALSE,4,2,0,0,0,No,FALSE,NA,3,1,No Card,NA
AW,59,B3,8326,M,NA,FALSE,FALSE,5,0,0,0,0,No,FALSE,NA,3,1,No Card,"Died immediately, so driver rating not accurate"
NS,59,R2,8230,C,NA,FALSE,FALSE,3,0,2,0,5,No,FALSE,25,1,NA,No Card,"Played defense against two dead bots, and shoved balls into opponents outpost"
RY,59,B1,122,C,NA,FALSE,FALSE,6,1,9,2,3,No,FALSE,24,2,NA,No Card,Played defense against three robots?
LJ,59,R1,2963,F,NA,FALSE,FALSE,0,0,0,0,0,No,FALSE,NA,2,NA,No Card,"Had significant movement issues, failed to make it under trench or over bumps, then attempted to. push fuel intooutpost"
JD,59,R3,6882,M,NA,FALSE,FALSE,2,0,1,1,2,No,FALSE,NA,2,NA,No Card,Got a ball stuck in their shooter
MH,60,B2,4472,C,3,FALSE,FALSE,1,6,0,4,0,No,FALSE,162,4,NA,No Card,Purposeful
LJ,60,R1,9403,C,NA,FALSE,FALSE,1,6,1,0,0,No,FALSE,24,2,NA,No Card,"Drew multiple frame perimeter fouls on defense, did pretty good at herding"
JD,60,R3,539,F,NA,FALSE,TRUE,0,0,0,2,0,L1,FALSE,6,4,NA,No Card,"Got stuck on climb for 10 secs, also stuck on bump for a bit"
RY,60,B1,612,M,NA,FALSE,FALSE,10,0,0,2,0,No,FALSE,6,2,NA,No Card,Wobblingdrive
AW,60,B3,10449,F,NA,FALSE,FALSE,0,10,0,0,5,No,FALSE,2,3,NA,No Card,"Almost got beached multiple times, couldn41391t shoot, tried to play defense but didn41391t do it very well?"
CR,61,R2,4099,F,3,TRUE,FALSE,10,4,0,2,6,No,FALSE,62,5,NA,No Card,Full hopper from auto
AW,61,B1,5549,C,3,FALSE,FALSE,10,8,0,5,0,No,FALSE,36,5,NA,No Card,CR
BP,61,B3,449,F,3,FALSE,FALSE,0,2,1,4,4,No,FALSE,62,4,NA,No Card,GOATED
LJ,61,R1,2028,C,2,FALSE,FALSE,2,0,4,2,2,No,FALSE,6,4,NA,No Card,"Spends time intaking in AZ, doesn41391t fill hopper fully often towards end"
MC,61,B2,3359,M,2,FALSE,FALSE,2,0,0,0,6,No,FALSE,NA,3,1,No Card,Died a bit after auto
BS,61,R3,5587,M,NA,FALSE,FALSE,0,7,1,0,0,No,FALSE,34,4,NA,No Card,Played good defense
MC,62,B2,5338,M,2,FALSE,FALSE,4,6,0,3,2,No,FALSE,26,4,NA,No Card,Good consistency
BS,62,R3,2534,C,NA,FALSE,FALSE,0,4,0,0,9,No,FALSE,2,1,NA,No Card,Didn41391t move during auto spent a lot of time shoveling and passing balls to human player
CR,62,R2,116,NA,NA,FALSE,FALSE,0,0,0,0,0,No,FALSE,NA,1,NA,No Card,LJ
LJ,62,R1,620,M,NA,FALSE,FALSE,0,10,1,1,2,No,FALSE,624,4,NA,No Card,NA
AW,62,B3,1908,C,3,FALSE,FALSE,9,2,4,4,5,No,FALSE,36,4,NA,No Card,"Could do trench but did bump a lot, and the bump slowed them down bc it took them multiple attempts sometimes?"
BP,62,B1,1731,F,3,FALSE,FALSE,5,5,1,3,6,No,FALSE,162,3,NA,No Card,Spun around randomly
CR,63,R2,2963,F,NA,FALSE,FALSE,0,0,0,0,0,No,FALSE,NA,3,1,No Card,No hopper
MC,63,B2,3136,F,3,FALSE,FALSE,10,4,0,4,6,No,FALSE,26,4,NA,No Card,"Pretty accurate shooter, whole intake comes in to push balls to shooter"
BP,63,B1,3373,M,NA,FALSE,FALSE,0,0,0,2,6,No,FALSE,6,2,NA,No Card,Took a long time to line up shots
LJ,63,R1,1885,C,NA,FALSE,FALSE,0,6,0,0,3,No,FALSE,2,4,1,No Card,"Died with about 40 seconds left in match, plays like lawnmower, herding then shooting while intaking in AZ. Non existent hopper"
BS,63,R3,2988,M,NA,FALSE,FALSE,5,6,2,2,0,No,FALSE,6,3,NA,No Card,NA
AW,63,B3,2186,C,NA,FALSE,FALSE,5,6,0,2,0,No,FALSE,2,3,NA,No Card,"Their intake is wobbly and slow, but they can shoot pretty well. They also gave balls to the human players multiple times"
BP,64,B1,2377,C,NA,FALSE,FALSE,4,7,0,2,5,No,FALSE,NA,3,NA,No Card,Good defense but got failed bump
MC,64,B2,9403,M,NA,FALSE,FALSE,0,6,0,0,0,No,FALSE,2,3,NA,No Card,"I think their swerve had issues, shooter and intake also probably had problems"
CR,64,R2,539,M,NA,FALSE,FALSE,4,0,6,2,5,L1,TRUE,26,5,NA,No Card,"Tried to climb in auto, alignment was off"
AW,64,B3,526,F,3,FALSE,FALSE,5,9,1,3,0,No,FALSE,32,4,NA,No Card,Pushed a lot of balls
LJ,64,R1,8230,F,3,FALSE,FALSE,0,4,2,0,0,No,FALSE,324,3,NA,No Card,"Hit a stop immediately, very hard to push, retracted intake immediately throughout match"
BS,64,R3,2363,C,3,FALSE,FALSE,0,6,1,2,0,No,FALSE,23,3,NA,No Card,NA
CR,65,R2,10449,M,NA,FALSE,FALSE,0,6,0,0,2,No,FALSE,2,4,NA,No Card,"Slow shooter, bulldozed effectively, did not intake"
AW,65,B3,611,F,3,TRUE,FALSE,2,0,6,0,1,No,FALSE,2,3,NA,No Card,"Their intake was not really working, but they managed to move balls to their zone and passed a lot to the human players"
BP,65,B1,2377,C,2,FALSE,FALSE,0,0,1,0,3,No,FALSE,26,2,NA,No Card,Good defense but got failed bump
LJ,65,B2,2890,NA,2,FALSE,TRUE,5,0,4,1,8,L1,TRUE,6,4,NA,No Card,"Very slow intake, very consistent shooting, very very fast climb and dismount?"
NS,65,R1,3258,NA,NA,FALSE,FALSE,10,0,4,2,5,No,FALSE,6,2,NA,No Card,"Tank drive, very slow moving, stuck on ball"
BS,65,R3,8326,M,NA,FALSE,FALSE,0,0,6,2,0,No,FALSE,12,1,NA,No Card,NA
MC,66,B2,1793,M,NA,FALSE,FALSE,0,0,0,0,0,No,FALSE,NA,2,NA,No Card,Kind of browned out of problems with swerve. Driver rating 2 since they blocked one of the trenches for a long time
CR,66,R2,6882,M,NA,FALSE,FALSE,4,0,0,0,4,No,FALSE,NA,2,NA,No Card,"Can41391t bump or trench, struggles with depot"
LJ,66,R1,5353,F,3,FALSE,FALSE,10,6,1,3,6,No,FALSE,26,5,NA,No Card,"Very fast, very good at herding along walls, also pushed fuel to human players multiple times. Auto fires preloaded before going to NZ"
AW,66,B3,4472,C,3,FALSE,FALSE,7,6,0,4,0,No,FALSE,1,3,NA,No Card,"Broke their shooter while going under trench, switched to passing to the human players through their intake"
BS,66,R3,4638,M,NA,FALSE,FALSE,0,0,0,0,0,No,FALSE,NA,3,1,No Card,NA
BP,66,B1,1895,NA,NA,FALSE,FALSE,2,5,3,2,6,No,FALSE,26,2,NA,No Card,NA
MC,67,B2,612,M,2,FALSE,FALSE,5,0,4,2,5,No,FALSE,456,4,NA,No Card,Bot is kinda wobbly
CR,67,R2,5243,NA,NA,FALSE,FALSE,4,1,5,2,8,L1,FALSE,26,3,NA,No Card,Very slow shooter
BP,67,B1,9072,C,3,FALSE,FALSE,12,5,1,4,7,No,FALSE,126,4,NA,No Card,"Great fire rate, accuracy down from previous matches"
BS,67,R3,122,C,NA,FALSE,FALSE,0,1,2,1,0,No,FALSE,34,4,NA,No Card,Played good defense but got a penalty?
LJ,67,R1,620,M,NA,FALSE,FALSE,3,4,2,1,5,No,FALSE,26,2,NA,No Card,"Slow intake, driver was indecisive. Struggled to shoot"
AW,67,B3,2028,F,2,FALSE,FALSE,8,0,2,1,7,No,FALSE,6,2,NA,No Card,Bad at doing bump. Almost got beached a few times
MC,68,B2,4099,C,NA,FALSE,FALSE,10,8,0,4,6,L1,FALSE,256,1,NA,No Card,Pretty consistent shooting
AW,68,B3,539,M,NA,FALSE,FALSE,0,0,6,2,6,L1,TRUE,6,3,NA,No Card,Failed auto climb. Got beached for a little while before being freed by 4099
LJ,68,R1,3373,F,NA,FALSE,FALSE,0,0,0,2,6,No,FALSE,6,4,NA,No Card,"Very focused on intaking in AZ, received herds from partner to fill hopper. Consistent shooting"
BP,68,B1,1731,F,NA,FALSE,FALSE,1,2,0,3,7,No,FALSE,16,3,NA,No Card,Some indexing problems; couldn41391t empty hopper
BS,68,R3,116,C,NA,FALSE,FALSE,0,0,1,0,0,No,FALSE,NA,3,1,No Card,NA
CR,68,R2,2363,C,3,FALSE,FALSE,4,5,1,0,0,No,FALSE,2,4,NA,No Card,"Can41391t intake, bulldozed entire game"
MC,69,B2,2988,M,2,FALSE,FALSE,3,6,0,3,5,No,FALSE,6,4,NA,No Card,Shooter shoots a bit slow
CR,69,R2,2890,C,2,FALSE,TRUE,6,0,2,1,3,L1,FALSE,2,4,NA,No Card,Had trouble intaking
AW,69,B3,8326,F,NA,FALSE,FALSE,3,0,2,1,0,No,FALSE,NA,3,1,No Card,Got rammed into almost immediately in teleop. They were dead a lot of the match
BP,69,B1,5549,C,3,FALSE,FALSE,8,6,0,3,5,No,FALSE,26,3,NA,No Card,Great accuracy; saw none miss
LJ,69,R1,2963,NA,NA,FALSE,FALSE,0,0,0,0,0,No,FALSE,NA,1,NA,No Card,NA
BS,69,R3,3359,F,NA,FALSE,FALSE,0,1,1,1,2,No,FALSE,2,1,NA,No Card,NA
AW,70,B3,2186,C,NA,FALSE,FALSE,5,8,0,0,0,No,FALSE,2,2,NA,No Card,"Broken intake. Eventually tried to bulldoze, but was not very efficient?"
AM,70,B1,449,F,3,FALSE,FALSE,0,10,2,5,8,No,FALSE,26,5,NA,No Card,Too good
MC,70,B2,4638,M,NA,FALSE,TRUE,0,8,0,1,0,No,FALSE,2,3,NA,No Card,Fed to outpost?
CR,70,R2,2068,F,NA,FALSE,FALSE,3,4,0,0,3,No,FALSE,2,4,NA,No Card,"Couldn41391t intake, bulldozed over bump"
BS,70,R3,9403,M,NA,FALSE,FALSE,0,2,0,0,0,No,FALSE,NA,3,NA,No Card,Part of hopper broke off halfway through the math
LJ,70,R1,2534,C,NA,FALSE,FALSE,0,4,0,0,0,No,FALSE,NA,3,1,No Card,"Focused on herding, died about a minute left. Struggled to herd big clumps?"
MC,71,B2,611,NA,3,TRUE,FALSE,0,0,8,2,0,No,FALSE,NA,3,NA,No Card,Bump auto did not end well. Intake faulty
AM,71,B1,5587,F,NA,FALSE,FALSE,0,3,3,4,4,No,FALSE,6,3,NA,No Card,Small hopper
CR,71,R2,5353,C,3,FALSE,FALSE,9,6,0,2,7,No,FALSE,26,3,NA,No Card,NA
BS,71,R3,3258,F,NA,FALSE,FALSE,3,0,5,2,3,No,FALSE,6,4,NA,No Card,Passed to human player a lot?
AW,71,B3,1793,C,NA,FALSE,FALSE,0,0,0,0,0,No,FALSE,NA,1,1,No Card,"Did not really move, just rotated on their starting spot right in front of a trench until an alliance member shoved them out of the way"
MH,71,R1,1885,M,NA,FALSE,FALSE,3,9,0,1,3,No,FALSE,21,3,NA,No Card,"herded excessively, intake bad"
CR,72,R2,122,F,NA,FALSE,FALSE,4,1,0,0,0,No,FALSE,5,3,1,No Card,NA
AM,72,B1,5243,C,NA,FALSE,FALSE,10,4,2,3,9,L1,TRUE,26,4,NA,No Card,NA
MC,72,B2,1895,M,NA,FALSE,FALSE,10,7,1,3,0,No,FALSE,62,3,NA,No Card,NA
AC,72,B3,5243,F,3,FALSE,FALSE,2,2,2,2,5,L1,TRUE,26,2,NA,No Card,Very innacurate
BS,72,R3,5338,C,NA,FALSE,FALSE,4,2,0,5,1,No,FALSE,6,1,NA,No Card,Carried their team
LJ,72,R1,4472,F,NA,FALSE,FALSE,2,4,0,1,6,No,FALSE,16,3,NA,No Card,"Timing was a bit off so struggled to start active period with full hopper. Shooting was accurate, intake was a bit slow."
AM,73,B1,2377,C,1,FALSE,FALSE,0,4,0,4,7,No,FALSE,26,3,NA,No Card,Turret. Auto aim I think.?
CR,73,R2,8230,M,NA,FALSE,FALSE,0,0,9,1,6,No,FALSE,264,5,NA,No Card,Extremely effective bulldozing
LJ,73,R1,3136,C,3,FALSE,FALSE,3,4,0,3,8,No,FALSE,26,4,NA,No Card,"Pretty good time management, lots of cycles, started active periods with full hoppers and fuel in AZ. A lot of shots seemed to miss tho"
MC,73,B2,6882,M,NA,FALSE,FALSE,10,2,2,2,0,No,FALSE,6,3,NA,No Card,Tank drive. Basically stayed in alliance zone the whole time. Intake is lowk fried.
BS,73,R3,9072,F,3,FALSE,FALSE,7,5,0,5,2,No,FALSE,1,4,NA,No Card,Same as usual for 9072
AC,73,B3,2377,M,1,FALSE,FALSE,10,3,0,3,6,No,FALSE,256,3,NA,No Card,Missed a whole hopper of balls next to hub
AM,74,B1,1908,C,3,FALSE,FALSE,8,2,0,0,6,No,FALSE,26,4,NA,No Card,NA
CR,74,R2,2363,C,2,FALSE,FALSE,0,5,0,0,0,No,FALSE,2,3,NA,No Card,Bulldozed in auto
AC,74,B3,1908,C,3,FALSE,FALSE,10,2,0,0,3,No,FALSE,6,2,1,No Card,"Died then moved a little, lowkey tried to shoot when hub inactive?"
LJ,74,R1,526,M,NA,FALSE,FALSE,1,7,1,2,8,No,FALSE,26,4,NA,No Card,"Intake worked pretty well, good at herding and moved very quickly between AZ and NZ"
BP,74,B2,8326,F,NA,FALSE,FALSE,2,0,2,0,0,No,FALSE,4,1,NA,No Card,"Intake didn41391t deploy, defense wasn41391t great"
BS,74,R3,5549,F,3,FALSE,FALSE,5,2,0,3,2,No,FALSE,2,4,NA,No Card,Played well against 8326 defense?
AM,75,B2,1793,M,NA,FALSE,FALSE,0,0,0,0,0,No,FALSE,NA,1,NA,No Card,NA
AM,75,B1,1731,F,3,FALSE,FALSE,11,8,0,3,3,No,FALSE,NA,5,1,No Card,Double turret
BP,75,B3,449,C,NA,FALSE,FALSE,0,6,0,4,6,No,FALSE,NA,5,NA,No Card,Got a lot of shots
BP,81,R1,1446,C,NA,FALSE,FALSE,0,0,0,0,0,No,FALSE,NA,1,NA,No Card,NA
HR,81,R2,7886,F,NA,FALSE,FALSE,0,8,0,0,0,No,FALSE,"2,4,5",3,NA,No Card,"No auto, Plow broke"
AC,81,R3,11318,M,2,FALSE,FALSE,0,4,0,0,0,No,FALSE,2,1,NA,No Card,I think it was trying to bulldoze? Very ineffective
AD,81,B1,1389,M,NA,FALSE,FALSE,2,0,0,1,8,No,FALSE,5,3,NA,No Card,NA
BS,81,B2,888,C,3,FALSE,FALSE,8,5,1,4,0,No,FALSE,1,4,NA,No Card,Very good passing and scored their full hopper every time
AZ,81,B3,6882,F,NA,FALSE,FALSE,1,2,2,1,2,No,FALSE,2,3,NA,No Card,"Very small hopper, played defense pushed balls over bump and made sure other robots don?t enter their zone"
BP,90,R1,6239,C,3,FALSE,FALSE,4,4,0,1,7,No,FALSE,5,2,NA,No Card,Bps is low and shooting is inaccurate
HR,90,R2,7886,F,NA,FALSE,FALSE,0,5,0,0,0,No,FALSE,2,1,NA,No Card,"No auto, only bulldozing"
AW,90,R3,2914,M,NA,FALSE,FALSE,3,0,0,0,0,No,FALSE,NA,1,1,No Card,"Twitched a little bit at the beginning of teleop, but didn?t manage to really move away from their original spot. Couldn?t shoot or intake, the only balls they held were preloaded ones"
AD,90,B1,4638,C,NA,FALSE,FALSE,0,3,6,0,0,No,FALSE,"1,3",3,NA,No Card,"A stop, no shoot"
BS,90,B2,5353,F,3,FALSE,FALSE,3,4,0,3,0,No,FALSE,1,4,NA,No Card,Played a good game but teammates kinda sold
AZ,90,B3,1389,M,NA,FALSE,FALSE,2,0,4,1,5,No,FALSE,NA,1,NA,No Card,NA
BP,91,R1,11318,M,NA,FALSE,FALSE,4,12,0,3,2,No,FALSE,"5,3",3,NA,No Card,NA
HR,91,R2,116,F,NA,FALSE,FALSE,5,0,9,3,0,L1,FALSE,6,3,NA,No Card,NA
AW,91,R3,1727,C,3,FALSE,FALSE,8,8,1,4,0,No,FALSE,6,4,1,No Card,"Died towards the very end of the match. Inaccurate auto, shot past the hub."
AD,91,B1,5587,C,NA,FALSE,FALSE,3,0,0,1,4,No,FALSE,5,2,NA,No Card,"Shooter seemed to be malfunctioning in the early match, collected but didn?t shoot more than 2"
BS,91,B2,449,F,3,FALSE,FALSE,1,6,0,6,5,No,FALSE,1,5,NA,No Card,Very good driving if we get out auto to work better we?d be insane
AZ,91,B3,11211,F,NA,FALSE,FALSE,0,0,1,0,6,No,FALSE,NA,1,NA,No Card,Didn?t do anything but move into neutral zone
BP,92,R1,5243,C,NA,FALSE,TRUE,4,5,1,3,4,No,FALSE,5,3,NA,No Card,"Seemed to be manually aligning even with turret, some inaccuracy"
HR,92,R2,5549,F,NA,FALSE,FALSE,10,5,1,3,5,No,FALSE,"1,6,5",4,NA,No Card,NA
AW,92,R3,4821,M,NA,FALSE,FALSE,5,0,4,0,0,No,FALSE,4,4,NA,No Card,"Couldn?t shoot, Played good defense the entire match, especially against 1731"
AD,92,B1,6882,M,NA,FALSE,FALSE,5,2,8,0,7,No,FALSE,"3,1",3,NA,No Card,NA
BS,92,B2,1731,F,3,FALSE,FALSE,3,6,0,1,7,No,FALSE,1,4,NA,No Card,They played good but they got heavily defended mid match which affected them a lot
SBS,92,B3,8590,C,NA,FALSE,FALSE,0,5,0,0,0,No,FALSE,2,2,NA,No Card,"No clue what they were even doing, seemed lost lwk"
BP,93,R1,5353,C,3,FALSE,FALSE,7,8,0,3,6,No,FALSE,"6,5",3,NA,No Card,The start of each volley is far too low
HR,93,R2,2900,F,NA,FALSE,FALSE,5,11,0,1,3,No,FALSE,"5,2,6",2,NA,No Card,NA
AW,93,R3,5841,NA,NA,FALSE,FALSE,0,0,0,0,0,No,FALSE,NA,1,NA,No Card,NA
AD,93,B1,6239,F,NA,FALSE,FALSE,0,8,0,3,9,No,FALSE,"1,5",2,NA,No Card,Had big stockpile but didn?t intake from stock
BS,93,B2,1446,NA,NA,FALSE,FALSE,0,0,0,0,0,No,FALSE,NA,1,NA,No Card,NA
SBS,93,B3,3373,C,1,FALSE,FALSE,6,1,3,3,0,No,FALSE,"6,2",4,NA,No Card,NA
BP,94,R1,449,C,3,FALSE,FALSE,0,7,0,0,0,No,FALSE,3,2,NA,No Card,Intake broke off
HR,94,R2,2421,M,NA,FALSE,FALSE,0,3,0,1,1,No,FALSE,6,3,NA,No Card,NA
AW,94,R3,7886,NA,NA,FALSE,FALSE,0,0,0,0,0,No,FALSE,NA,1,NA,No Card,NA
AD,94,B1,2186,F,NA,FALSE,FALSE,2,10,0,2,3,L1,FALSE,"6,2",3,NA,No Card,NA
BS,94,B2,888,C,3,FALSE,FALSE,0,4,0,3,5,No,FALSE,1,5,NA,No Card,NA
JD,94,B3,5587,NA,NA,FALSE,FALSE,0,0,0,0,0,No,FALSE,NA,1,NA,No Card,NA
JD,95,R1,1389,F,NA,FALSE,FALSE,3,0,2,0,4,No,FALSE,NA,2,NA,No Card,NA
HR,95,R2,4472,C,NA,FALSE,FALSE,7,3,1,3,0,No,FALSE,"6,1",3,NA,No Card,Beached on fuel
AW,95,R3,2988,M,NA,FALSE,FALSE,5,4,0,1,4,No,FALSE,2,3,NA,No Card,"Slow robot, managed to get an alliance member unbeached, not very accurate shooter."
AD,95,B1,116,F,NA,FALSE,FALSE,2,0,4,0,0,No,FALSE,NA,1,1,No Card,NA
BS,95,B2,4456,M,NA,FALSE,FALSE,4,4,1,3,0,No,FALSE,1,1,NA,No Card,NA
AY,95,B3,5338,C,3,FALSE,FALSE,0,8,3,7,3,No,FALSE,"2,6",4,NA,No Card,NA
JD,96,R1,2914,M,NA,FALSE,FALSE,0,0,1,0,0,No,FALSE,NA,1,NA,No Card,NA
HR,96,R2,2912,C,NA,FALSE,FALSE,5,0,0,0,0,No,FALSE,2,1,NA,No Card,"Shooter malfunction, possibly drivetrain malfunction"
RX,96,R3,4638,F,NA,FALSE,TRUE,0,1,1,0,0,No,FALSE,2,2,NA,No Card,Outake and intakes appeared broken
AD,96,B1,11318,M,NA,FALSE,FALSE,2,8,0,3,6,No,FALSE,6,3,NA,No Card,NA
BS,96,B2,3714,F,NA,FALSE,FALSE,0,0,2,0,0,No,FALSE,NA,3,NA,No Card,"Didn?t make a single fuel, slow"
AY,96,B3,4464,C,NA,FALSE,FALSE,0,2,0,0,0,No,FALSE,2,1,NA,No Card,Moved very slowly
AW,97,R1,1727,F,3,FALSE,FALSE,10,5,0,4,0,No,FALSE,5,3,1,No Card,"Died in the last 30s or so, was susceptible to the defense being played 4821"
HR,97,R2,11211,F,NA,FALSE,FALSE,0,0,5,0,0,No,FALSE,"4,5,2",3,NA,No Card,NA
RX,97,R3,5353,C,3,FALSE,FALSE,2,3,0,3,5,No,FALSE,"2,6",3,NA,No Card,"Passed a lot to human player, very low hopper capacity"
AD,97,B1,2537,C,31,FALSE,FALSE,13,11,0,0,5,No,FALSE,"2,4,5,3",4,NA,No Card,"Really good auto, I think their intake broke?"
BS,97,B2,4821,M,NA,FALSE,FALSE,0,1,3,0,9,No,FALSE,4,3,NA,No Card,Shooter is very slow
AY,97,B3,2186,F,NA,FALSE,FALSE,5,4,0,0,2,L1,FALSE,"2,6",3,NA,No Card,Fed to HP a lot
AW,98,R1,449,C,3,FALSE,FALSE,10,6,0,1,0,No,FALSE,3,4,NA,No Card,"Intake broke quickly, played defense on the blue alliance"
HR,98,R2,5338,M,NA,FALSE,FALSE,3,5,1,2,6,No,FALSE,"6,2",4,NA,No Card,NA
RX,98,R3,4472,F,3,FALSE,FALSE,9,2,0,3,7,No,FALSE,6,4,1,No Card,Disconnected mid match for like 10 seconds
AD,98,B1,6239,M,NA,FALSE,FALSE,4,8,0,0,1,No,FALSE,4,3,NA,No Card,NA
BS,98,B2,5549,C,3,FALSE,FALSE,4,1,0,2,5,No,FALSE,NA,4,NA,No Card,NA
AY,98,B3,1731,F,3,FALSE,FALSE,7,4,1,3,2,No,FALSE,"2,6",5,NA,No Card,449 played hard defense on them
AW,99,R1,1389,M,NA,FALSE,FALSE,3,0,3,0,5,No,FALSE,6,2,NA,No Card,"Poor intake, not great herding"
HR,99,R2,116,F,NA,FALSE,FALSE,4,0,6,1,4,No,FALSE,"2,6",3,NA,No Card,Attempted climb
RX,99,R3,7886,C,NA,FALSE,FALSE,0,4,2,0,0,No,FALSE,2,3,NA,No Card,Did not intake
AD,99,B1,5841,M,NA,FALSE,FALSE,0,8,1,0,0,No,FALSE,2,3,NA,No Card,Just a drive train
BS,99,B2,4464,F,NA,FALSE,FALSE,0,3,1,0,0,No,FALSE,1,3,NA,No Card,NA
AY,99,B3,3373,C,1,FALSE,FALSE,1,0,1,2,4,No,FALSE,"2,6",2,NA,No Card,NA
BP,82,R1,2186,C,NA,FALSE,FALSE,2,6,0,1,0,F,FALSE,1,3,NA,No Card,Slow rate of fire and imtaking
HR,82,R2,2421,M,NA,FALSE,FALSE,0,3,3,1,7,No,FALSE,6,2,NA,No Card,No auto
AC,82,R3,3373,F,1,FALSE,FALSE,5,0,4,3,3,No,FALSE,6,3,NA,No Card,3373 very slow intake
AD,82,B1,4821,M,NA,FALSE,FALSE,0,0,0,0,0,No,FALSE,NA,1,NA,No Card,NA
BS,82,B2,4464,C,NA,FALSE,FALSE,0,0,0,0,0,No,FALSE,NA,3,1,No Card,NA
AZ,82,B3,116,F,NA,FALSE,FALSE,0,0,6,0,4,L1,TRUE,2,2,NA,No Card,Robot swerve looked broken near the end
AW,100,R1,8590,NA,NA,FALSE,FALSE,0,0,0,0,0,No,FALSE,NA,1,NA,No Card,NA
HR,100,R2,2900,C,NA,FALSE,FALSE,0,9,1,1,0,No,FALSE,"2,6",3,NA,No Card,Indexer/shooter malfunction
RX,100,R3,2988,M,NA,FALSE,FALSE,6,6,2,2,7,No,FALSE,6,3,NA,No Card,"Passed to human players, seems like tank drive, weird turns"
MH,100,B1,1727,F,NA,FALSE,FALSE,0,6,0,1,2,No,FALSE,"1,2,6",3,NA,No Card,NA
BS,100,B2,2537,C,3,FALSE,FALSE,8,3,0,3,4,No,FALSE,6,5,NA,No Card,NA
AZ,100,B3,2914,NA,NA,FALSE,FALSE,0,0,0,0,0,No,FALSE,NA,1,NA,No Card,NA
AW,101,R1,1446,NA,NA,FALSE,FALSE,0,0,0,0,0,No,FALSE,NA,1,NA,No Card,NA
HR,101,R2,3714,C,NA,FALSE,FALSE,0,4,2,0,0,No,FALSE,2,2,NA,No Card,Shooter malfunction
RX,101,R3,5587,F,1,FALSE,FALSE,3,4,2,2,7,No,FALSE,6,3,NA,No Card,Slow outake
KO,101,B1,888,C,3,FALSE,FALSE,9,8,2,3,3,No,FALSE,1,4,NA,No Card,NA
BS,101,B2,11318,M,NA,FALSE,FALSE,5,7,0,3,0,No,FALSE,1,4,NA,No Card,NA
AZ,101,B3,4456,F,NA,FALSE,FALSE,1,5,0,1,5,No,FALSE,6,1,NA,No Card,Shooter is broken
AW,102,R1,6882,M,NA,FALSE,FALSE,6,6,0,2,4,No,FALSE,"6,5",3,NA,No Card,"Got beached for a little while, not a very good shooter"
HR,102,R2,2912,F,NA,FALSE,FALSE,4,0,0,0,0,No,FALSE,NA,1,NA,No Card,Did not leave AZ
RX,102,R3,11211,C,NA,FALSE,FALSE,0,2,0,0,0,No,FALSE,6,2,NA,No Card,"No auto, tank drive"
AD,102,B1,4638,M,NA,FALSE,TRUE,0,1,4,0,0,L1,FALSE,"2,4",4,NA,No Card,NA
KO,102,B2,5243,F,NA,FALSE,TRUE,4,0,4,1,3,L1,FALSE,NA,3,NA,No Card,Slow shooter
AZ,102,B3,2421,C,NA,FALSE,FALSE,0,7,0,2,4,No,FALSE,2,3,NA,No Card,NA
AW,103,R1,4464,F,NA,FALSE,FALSE,0,3,0,0,2,No,FALSE,NA,2,NA,No Card,"Actually moved for about half the match, for the other half kinda just rotated in one place"
HR,103,R2,7886,M,NA,FALSE,FALSE,0,8,0,0,0,No,FALSE,"2,4,5",3,NA,No Card,NA
RX,103,R3,1727,C,3,FALSE,FALSE,4,4,2,1,3,No,FALSE,NA,1,1,No Card,"Passed to human during inactive, stopped moving in last 30 seconds"
AD,103,B1,5353,F,NA,FALSE,FALSE,0,14,1,0,3,No,FALSE,"2,4",3,NA,No Card,NA
AC,103,B2,6239,M,1,FALSE,FALSE,6,6,0,3,6,No,FALSE,6,3,NA,No Card,Stayed in front of hub auto
AZ,103,B3,5338,C,3,FALSE,FALSE,0,6,0,3,7,No,FALSE,2,5,NA,No Card,NA
AW,104,R1,5587,F,1,FALSE,FALSE,20,0,4,4,0,No,FALSE,5,3,NA,No Card,NA
HR,104,R2,5549,C,3,FALSE,FALSE,10,2,3,5,3,No,FALSE,"2,1,6",5,NA,No Card,NA
RX,104,R3,2900,F,NA,FALSE,FALSE,7,4,0,0,6,No,FALSE,6,3,NA,No Card,NA
AD,104,B1,4821,F,NA,FALSE,FALSE,0,0,2,0,0,No,FALSE,4,3,NA,No Card,Only played defense in oz
AC,104,B2,1389,C,1,FALSE,FALSE,2,0,2,2,6,No,FALSE,6,2,NA,No Card,"Didn?t intake full for most of the match, stayed in AZ for most of the match, sometimes legit just intook three balls and shot them without getting more"
AZ,104,B3,11318,M,NA,FALSE,FALSE,5,18,0,8,2,No,FALSE,2,1,NA,No Card,Very small hopper capacity
AW,105,R1,2912,C,NA,FALSE,FALSE,0,0,0,0,0,No,FALSE,NA,1,NA,No Card,"Couldn?t intake, didn?t move a lot, got stuck on the depot"
HR,105,R2,1446,C,NA,FALSE,FALSE,0,0,1,0,0,No,FALSE,NA,1,1,No Card,NA
RX,105,R3,888,F,3,FALSE,FALSE,12,2,0,0,3,No,FALSE,"2,6",4,NA,No Card,Outake got jammed very early on
AD,105,B1,5243,F,NA,FALSE,TRUE,5,2,2,2,9,L1,FALSE,NA,4,NA,No Card,NA
BS,105,B2,2988,M,NA,FALSE,FALSE,0,3,1,0,0,No,FALSE,6,1,NA,No Card,Intake full during inactive but didn?t shoot
AZ,105,B3,116,C,NA,FALSE,FALSE,2,0,4,1,3,L1,FALSE,6,2,NA,No Card,A ton of balls stuck between hopper wall and intake
AW,106,R1,4472,F,3,FALSE,FALSE,16,4,1,4,5,No,FALSE,"1,5",4,NA,No Card,Not very accurate some of the time
AD,106,R2,2914,M,NA,FALSE,FALSE,0,0,0,0,0,No,FALSE,NA,1,NA,No Card,"Did not die, but did nothing. Broken drive train?"
RX,106,R3,2186,C,NA,FALSE,FALSE,3,2,0,1,0,No,FALSE,NA,3,NA,No Card,NA
MNL,106,B1,5841,NA,NA,FALSE,FALSE,0,0,0,0,9,No,FALSE,NA,1,NA,No Card,NA
BS,106,B2,11211,C,NA,FALSE,FALSE,0,0,2,0,0,No,FALSE,NA,3,NA,No Card,NA
AZ,106,B3,3714,F,NA,FALSE,FALSE,0,4,2,0,0,No,FALSE,4,2,NA,No Card,Hopper broke
AW,107,R1,3373,F,1,FALSE,FALSE,9,0,4,3,0,No,FALSE,5,3,NA,No Card,NA
KO,107,R2,4638,M,NA,FALSE,FALSE,1,0,8,0,2,No,FALSE,4,2,NA,No Card,Played defense all game
RX,107,R3,1731,C,3,FALSE,FALSE,4,0,0,4,1,No,FALSE,"1,2,6",4,NA,No Card,Missed a bunch of fuel in auto
AD,107,B1,449,F,3,FALSE,FALSE,18,11,1,6,3,No,FALSE,"2,6",5,NA,No Card,NA
BS,107,B2,6882,M,NA,FALSE,FALSE,3,3,1,0,0,No,FALSE,4,3,NA,No Card,Barely scored played defense the whole time
AZ,107,B3,2537,C,3,FALSE,FALSE,0,10,0,4,2,No,FALSE,NA,5,NA,No Card,NA
AW,108,R1,2421,M,NA,FALSE,FALSE,5,5,5,1,0,No,FALSE,NA,3,NA,No Card,"Got stuck on the bump twice, slow shooting, slow/unreliable intake"
AC,108,R2,8590,F,NA,FALSE,FALSE,0,2,0,1,0,No,FALSE,6,2,NA,No Card,"Slow intake, didn?t seem to do anything auto"
RX,108,R3,5549,C,3,FALSE,FALSE,0,5,1,4,0,No,FALSE,"1,6",4,NA,No Card,Almost got beached in auto
AD,108,B1,4456,M,NA,FALSE,FALSE,2,5,0,3,8,No,FALSE,"2,6",3,NA,No Card,NA
BS,108,B2,5587,C,1,FALSE,FALSE,6,1,2,3,0,No,FALSE,"1,6",1,NA,No Card,NA
AZ,108,B3,7886,F,NA,FALSE,FALSE,0,11,1,0,0,No,FALSE,NA,4,NA,No Card,Just drive and no shooter
AW,109,R1,2186,F,NA,FALSE,FALSE,4,0,0,0,5,F,FALSE,NA,2,NA,No Card,"Slowwwww, couldn?t really move much"
AC,109,R2,2912,M,NA,FALSE,FALSE,0,1,0,0,0,No,FALSE,NA,1,NA,No Card,They just kinda jittered around NZ for the entirety of tele
KO,109,R3,116,C,NA,FALSE,FALSE,2,0,4,0,4,L1,FALSE,2,2,NA,No Card,Mid accuracy because shooter too strong?
AD,109,B1,1727,F,NA,FALSE,FALSE,0,6,2,4,3,No,FALSE,"6,2",4,NA,No Card,NA
BS,109,B2,6239,M,NA,FALSE,FALSE,2,6,0,2,0,No,FALSE,6,3,NA,No Card,NA
AZ,109,B3,4472,C,3,FALSE,FALSE,1,6,0,2,8,No,FALSE,1,4,NA,No Card,NA
BP,83,R1,3714,M,NA,FALSE,FALSE,0,2,2,0,0,No,FALSE,3,2,NA,No Card,"Evidently tank, couldn?t shoot, got beached a couple of times"
HR,83,R2,4472,F,3,FALSE,FALSE,10,6,0,4,2,No,FALSE,"1,6",4,NA,No Card,Some inaccuracy
AC,83,R3,5549,C,3,FALSE,FALSE,10,8,0,6,0,No,FALSE,"2,6",4,NA,No Card,Poomfs kinda slow
AD,83,B1,2900,M,NA,FALSE,FALSE,2,10,0,0,0,No,FALSE,1,3,NA,No Card,"Shooter jammed, made 0 balls in tele op, gave up on shooting and started passing"
BS,83,B2,2537,C,3,FALSE,FALSE,0,6,0,2,3,No,FALSE,1,4,NA,No Card,Got caught under the trench during auto and had some trouble shooting in tele
AZ,83,B3,5243,F,NA,FALSE,TRUE,2,10,0,2,4,L1,FALSE,2,2,NA,No Card,NA
AW,110,R1,2537,F,31,FALSE,FALSE,16,8,0,4,5,No,FALSE,"1,6",4,NA,No Card,"Kind of slow shooter, sometimes pretty inaccurate"
AC,110,R2,11211,C,NA,FALSE,FALSE,0,0,1,0,0,No,FALSE,NA,1,NA,No Card,"Stuck on balls half the match, played unsuccessful defense the rest"
KO,110,R3,1446,M,NA,FALSE,FALSE,0,5,4,0,0,No,FALSE,NA,2,NA,No Card,Beached
AD,110,B1,5338,F,3,FALSE,FALSE,0,4,0,0,0,No,FALSE,NA,2,1,No Card,"Died at the very beginning of tele op, came back during endgame"
BS,110,B2,888,C,3,FALSE,FALSE,10,6,1,4,3,No,FALSE,NA,5,NA,No Card,NA
AY,110,B3,5841,M,NA,FALSE,FALSE,0,0,1,0,0,No,FALSE,2,2,NA,No Card,Drivetrain
AW,111,R1,11318,C,NA,FALSE,FALSE,5,12,0,4,0,No,FALSE,"5,6",4,NA,No Card,Was susceptible to the defense being played by 5353
AC,111,R2,3373,F,1,FALSE,FALSE,0,0,3,2,8,No,FALSE,6,2,NA,No Card,NA
KO,111,R3,2988,M,NA,FALSE,FALSE,2,1,0,0,0,No,FALSE,NA,1,1,No Card,NA
AD,111,B1,5353,F,3,FALSE,FALSE,15,5,3,3,9,No,FALSE,"2,6",4,NA,No Card,Should have climbed l1 with a few extra seconds
BS,111,B2,1731,C,3,FALSE,FALSE,4,5,0,5,0,No,FALSE,1,5,NA,No Card,NA
AY,111,B3,5243,M,NA,FALSE,TRUE,5,5,1,2,0,F,FALSE,"2,6",2,NA,No Card,NA
AW,112,R1,8590,F,NA,FALSE,FALSE,0,6,0,2,5,No,FALSE,5,3,NA,No Card,"Wobbly intake, really bad piece security"
FL,112,R2,1389,M,NA,FALSE,FALSE,0,0,4,1,4,No,FALSE,6,3,NA,No Card,NA
KO,112,R3,449,C,3,FALSE,FALSE,6,8,0,3,6,No,FALSE,1,5,NA,No Card,NA
MH,112,B1,4821,F,NA,FALSE,FALSE,0,2,2,1,2,No,FALSE,NA,3,NA,No Card,NA
BS,112,B2,3714,F,NA,FALSE,FALSE,0,2,0,0,0,No,FALSE,NA,3,1,No Card,NA
AZ,112,B3,4638,M,NA,FALSE,FALSE,1,4,0,0,7,No,FALSE,NA,2,NA,No Card,Had trouble moving around and shooting
SBS,113,R1,2421,M,NA,FALSE,FALSE,3,0,8,0,4,No,FALSE,3,3,NA,No Card,Bot was js cooked
FL,113,R2,4464,F,NA,FALSE,FALSE,0,3,1,0,0,No,FALSE,"2,4",2,NA,No Card,NA
HR,113,R3,2900,C,NA,FALSE,FALSE,0,10,0,2,3,No,FALSE,"2,6,4",3,NA,No Card,Bad indexer
AD,113,B1,4456,C,NA,FALSE,FALSE,0,2,0,2,6,No,FALSE,"2,6",3,NA,No Card,NA
BS,113,B2,6882,M,NA,FALSE,FALSE,4,2,2,1,0,No,FALSE,1,3,NA,No Card,Small hopper
AZ,113,B3,2914,F,NA,FALSE,FALSE,0,0,0,0,0,No,FALSE,NA,1,NA,No Card,"Rookie team, no shooting or intaking action going on"
SBS,114,R1,116,F,NA,FALSE,FALSE,4,0,8,0,0,L1,FALSE,3,1,NA,No Card,Intake was broken or smth; bad game sense
FL,114,R2,5353,C,3,FALSE,FALSE,8,4,2,1,7,No,FALSE,4,3,NA,No Card,NA
HR,114,R3,5587,M,NA,FALSE,FALSE,0,0,2,1,0,No,FALSE,"2,6",3,NA,No Card,Difficulty going over bump
AD,114,B1,1731,C,3,FALSE,FALSE,17,5,0,4,5,No,FALSE,"2,6",4,NA,No Card,NA
Cc,114,B2,2988,M,NA,FALSE,FALSE,0,3,1,3,0,No,FALSE,6,1,NA,No Card,Bad driver
AZ,114,B3,888,F,3,FALSE,FALSE,16,7,3,4,2,No,FALSE,2,5,NA,No Card,NA
SBS,115,R1,5338,F,3,FALSE,TRUE,8,6,0,5,0,No,FALSE,"5,6",4,NA,No Card,NA
FL,115,R2,5243,C,NA,FALSE,TRUE,2,2,1,2,5,L1,TRUE,2,3,NA,No Card,NA
HR,115,R3,11318,M,NA,FALSE,FALSE,3,12,0,0,7,No,FALSE,"2,6",3,NA,No Card,Hopper broke
MH,115,B1,5549,F,3,FALSE,FALSE,9,4,2,3,9,No,FALSE,"2,6",3,NA,No Card,NA
GK,115,B2,4638,M,NA,FALSE,FALSE,0,1,5,0,0,F,TRUE,"5,2",2,NA,No Card,Struggles with bump crossing
RL,115,B3,2186,C,2,FALSE,FALSE,4,4,0,2,9,L1,FALSE,2,3,NA,No Card,"Pretty slow, somewhat finicky"
SBS,116,R1,4821,M,NA,FALSE,FALSE,2,0,4,0,0,No,FALSE,3,3,NA,No Card,NA
FL,116,R2,5841,F,NA,FALSE,FALSE,0,2,0,0,0,No,FALSE,2,2,NA,No Card,"Really good bulldozing for first 30 seconds, then they just sat in NZ for the rest of the match doing nothing"
HR,116,R3,6882,C,NA,FALSE,FALSE,3,7,0,0,0,No,FALSE,2,3,NA,No Card,No intake
KO,116,B1,2912,M,NA,FALSE,FALSE,0,1,0,0,0,No,FALSE,NA,1,NA,No Card,Drive broke
GK,116,B2,1727,C,NA,FALSE,FALSE,0,3,0,1,7,No,FALSE,"6,2",4,1,No Card,Died with ~45 sec left
AZ,116,B3,4456,M,NA,FALSE,FALSE,0,3,0,1,1,No,FALSE,6,2,NA,No Card,NA
SBS,117,R1,3373,F,1,FALSE,FALSE,5,0,4,3,2,No,FALSE,"5,6",3,NA,No Card,NA
FL,117,R2,4472,C,3,FALSE,FALSE,8,3,0,1,5,No,FALSE,"1,6",3,NA,No Card,They kept doing 5 ball cycles from their AZ
HR,117,R3,8590,M,NA,FALSE,FALSE,0,3,0,2,2,No,FALSE,"2,6,1",2,NA,No Card,NA
KO,117,B1,2421,M,NA,FALSE,FALSE,1,2,6,0,0,No,FALSE,4,3,NA,No Card,"Struggled with getting over the bump, played defense"
SC,117,B2,1389,C,NA,FALSE,FALSE,1,0,5,1,5,No,FALSE,6,2,NA,No Card,Got stuck on bump multiple times
AZ,117,B3,11211,F,NA,FALSE,FALSE,0,3,2,0,6,No,FALSE,NA,2,NA,No Card,Had trouble intaking and shooting
FL,118,R1,3714,NA,NA,FALSE,FALSE,0,0,0,0,0,No,FALSE,NA,1,NA,No Card,NA
FL,118,R2,2537,F,3,FALSE,FALSE,10,2,0,4,5,No,FALSE,"1,6",4,NA,No Card,NA
HR,118,R3,6239,M,NA,FALSE,FALSE,3,10,0,2,8,No,FALSE,"2,6",2,NA,No Card,NA
KO,118,B1,4464,C,NA,FALSE,FALSE,0,4,0,0,4,No,FALSE,2,2,NA,No Card,Had difficulty getting up the bump
MY,118,B2,2914,F,NA,FALSE,FALSE,0,0,0,0,0,No,FALSE,NA,1,NA,No Card,"Did not intake, shoot, or move out of alliance zone. Tried to feed hp a little bit, but we?re not effective. Moved really slowly in general"
AZ,118,B3,1446,M,NA,FALSE,FALSE,0,4,4,0,0,No,FALSE,NA,2,NA,No Card,"Does not intake at all, played defense"
FL,119,R1,2900,M,NA,FALSE,FALSE,5,8,0,0,1,No,FALSE,5,2,NA,No Card,NA
FL,119,R2,116,F,NA,FALSE,FALSE,3,0,3,0,5,L1,FALSE,2,3,NA,No Card,"Bulldozing rly well at start, then not so good"
HR,119,R3,449,C,3,FALSE,FALSE,15,8,1,4,7,No,FALSE,"6,2",5,NA,No Card,NA
KO,119,B1,7886,C,NA,FALSE,FALSE,0,1,0,0,0,No,FALSE,2,2,NA,No Card,Beached under trench rip
LJ,119,B2,2912,M,NA,FALSE,FALSE,2,1,1,0,0,No,FALSE,2,2,1,No Card,"Focused on herding towards HP, struggled to line up and drove slowly, could not un beach partners. Died with about 30 seconds left"
AZ,119,B3,5243,F,NA,FALSE,TRUE,3,4,0,2,3,No,FALSE,NA,2,NA,No Card,Bad bc it?s not 449 but seriously played good defense against us
HR,84,R2,5841,M,NA,FALSE,FALSE,0,0,0,0,0,No,FALSE,NA,1,1,No Card,No auto
AW,84,R3,1727,F,NA,FALSE,FALSE,0,6,4,3,5,No,FALSE,"1,6",3,NA,No Card,NA
AD,84,B1,4638,NA,NA,FALSE,FALSE,0,0,0,0,0,No,FALSE,NA,1,NA,No Card,NA
BS,84,B2,4456,M,NA,FALSE,FALSE,3,4,0,0,1,No,FALSE,4,4,NA,No Card,They?re shooter wasn?t working so they played defense the whole match
AZ,84,B3,449,F,3,FALSE,FALSE,10,10,0,3,8,No,FALSE,2,5,NA,No Card,"Shooter inertia decreases rapidly near the end of the match, shooter had trouble"
BP,84,R1,1731,C,3,FALSE,FALSE,10,5,0,5,0,No,FALSE,"3,5",4,NA,No Card,Good effectiveness in many things
FL,120,R1,11211,F,NA,FALSE,FALSE,0,0,1,0,1,No,FALSE,6,1,NA,No Card,Stayed in middle whole time bulldozing
FL,120,R2,4456,M,NA,FALSE,FALSE,2,2,1,1,7,No,FALSE,6,3,NA,No Card,Died for 15 seconds a couple times throughout the match
HR,120,R3,2186,C,NA,FALSE,FALSE,3,6,0,0,7,No,FALSE,2,3,NA,No Card,Jammed intake
BS,120,B1,3373,C,1,FALSE,FALSE,1,0,4,2,4,No,FALSE,"6,2",4,NA,No Card,For the first half of the match didn?t go into neutral zone and just relied on balls from depot and teammates passing
LJ,120,B2,5587,F,NA,FALSE,FALSE,2,0,4,2,1,No,FALSE,"2,6",3,NA,No Card,"Slow spin up time, took shoots pretty far from hub. Shots were a bit inaccurate"
AY,120,B3,1389,M,NA,FALSE,FALSE,2,0,4,1,3,No,FALSE,NA,2,NA,No Card,"Shoot on the move is decent, Inaccurate, Struggled to intake"
FL,121,R1,4638,F,NA,FALSE,TRUE,0,3,3,0,7,No,FALSE,6,2,NA,No Card,Saved a friend and broke side panel
AW,121,R2,2988,M,NA,FALSE,FALSE,5,5,1,2,0,No,FALSE,6,3,NA,No Card,Was beached for about a third of the match before getting unteaches by a teammate
HR,121,R3,6239,C,3,FALSE,FALSE,0,3,1,1,4,No,FALSE,"2,6",3,NA,No Card,Inaccurate shooter
BS,121,B1,6882,M,NA,FALSE,FALSE,8,3,0,4,3,No,FALSE,"2,6",4,NA,No Card,Although they emptied their hopper a lot their hopper is supper small so they weren?t actually scoring much if I could estimate they scored about 60-65 fuel
FL,121,B2,1727,C,3,FALSE,FALSE,5,2,3,2,7,No,FALSE,"1,6",3,NA,No Card,Died during endgame
AY,121,B3,5549,F,3,FALSE,FALSE,5,3,1,5,3,No,FALSE,"2,6,1",5,NA,No Card,NA
FL,122,R1,3714,C,NA,FALSE,FALSE,0,4,2,0,0,No,FALSE,"5,3",2,NA,No Card,NA
AW,122,R2,5338,F,3,FALSE,FALSE,10,8,4,4,6,No,FALSE,6,4,NA,No Card,"Very versatile driver, could go over bump or under trench when the other was blocked"
HR,122,R3,7886,M,NA,FALSE,FALSE,0,7,3,0,0,No,FALSE,"2,5",4,NA,No Card,NA
BS,122,B1,1446,C,NA,FALSE,FALSE,0,5,2,0,0,No,FALSE,2,1,NA,No Card,Passed to human player a lot and passing was actually very good but they didn?t shoot
FL,122,B2,5353,F,3,FALSE,FALSE,7,4,0,4,5,No,FALSE,2,5,NA,No Card,NA
AY,122,B3,4821,M,NA,FALSE,FALSE,0,0,1,0,0,No,FALSE,4,2,NA,No Card,Got beached on enemy bump; got stuck in enemy side
FL,123,R1,449,C,3,FALSE,FALSE,15,3,0,4,4,No,FALSE,"1,5,6",5,NA,No Card,NA
AW,123,R2,5841,NA,NA,FALSE,FALSE,0,0,0,0,0,No,FALSE,NA,1,NA,No Card,NA
HR,123,R3,2914,M,NA,FALSE,FALSE,0,2,0,0,0,No,FALSE,4,2,NA,No Card,NA
BS,123,B1,888,C,3,FALSE,FALSE,12,4,1,4,2,No,FALSE,"6,1",5,NA,No Card,NA
FL,123,B2,2900,M,NA,FALSE,FALSE,0,8,0,0,2,No,FALSE,2,1,NA,No Card,Buns
AY,123,B3,4472,F,3,FALSE,FALSE,9,0,0,2,2,No,FALSE,"1,6",4,NA,No Card,NA
FL,124,R1,2537,F,13,FALSE,FALSE,15,5,0,0,7,No,FALSE,"3,4,6,5",4,NA,No Card,Intake broke after first cycle
AW,124,R2,8590,M,NA,FALSE,FALSE,5,4,0,0,4,No,FALSE,2,2,1,No Card,"Genuinely bad piece security. Intake didn?t appear to break, but it got rammed into the walls and was flopping around"
HR,124,R3,4464,C,3,FALSE,FALSE,0,10,4,0,0,No,FALSE,"2,5,4",3,NA,No Card,No intake
BS,124,B1,1731,F,3,FALSE,FALSE,7,5,0,3,7,No,FALSE,"1,6",5,NA,No Card,Passing is probably the best out of all the teams also scored alot
FL,124,B2,11318,C,NA,FALSE,FALSE,10,4,0,3,1,No,FALSE,"6,5",3,NA,No Card,They have a really teeny hopper tho
AD,124,B3,2421,M,NA,FALSE,FALSE,2,7,3,1,1,No,FALSE,6,3,NA,No Card,NA
FL,125,R1,4456,C,NA,FALSE,FALSE,2,8,0,1,6,No,FALSE,"6,5",2,NA,No Card,NA
AW,125,R2,3714,M,NA,FALSE,FALSE,6,3,3,0,0,No,FALSE,4,3,NA,No Card,"Didn?t shoot, kept the preloaded fuel the entire match. For about half the match, the had a fuel stuck underneath them making movement weird. They played defense, but weren?t very good imo"
HR,125,R3,3373,F,1,FALSE,FALSE,0,0,4,2,0,No,FALSE,"2,6",2,NA,No Card,NA
BS,125,B1,11211,C,NA,FALSE,FALSE,0,0,3,0,2,No,FALSE,2,3,NA,No Card,"Tried their best to pass and bulldoze but it just wasn?t working much, bot is slow"
FL,125,B2,116,F,NA,FALSE,FALSE,2,0,6,1,2,L1,FALSE,"6,2",3,NA,No Card,Shooting aim is dookie
AD,125,B3,6239,M,NA,FALSE,FALSE,5,8,0,3,5,No,FALSE,"6,2",3,NA,No Card,NA
SBS,126,R1,5338,F,3,FALSE,FALSE,9,0,0,6,2,No,FALSE,"5,6",5,NA,No Card,NA
AW,126,R2,2988,M,NA,FALSE,FALSE,8,1,3,1,0,No,FALSE,NA,2,NA,No Card,Beached for the vast majority of the match
HR,126,R3,5549,C,3,FALSE,FALSE,8,3,1,4,0,No,FALSE,"1,6",5,NA,No Card,NA
BS,126,B1,7886,C,NA,FALSE,FALSE,0,3,9,0,0,No,FALSE,"1,4,5",5,NA,No Card,Driver played very good defense but not couldn?t shoot
BP,126,B2,2900,F,3,FALSE,FALSE,10,5,0,0,1,No,FALSE,NA,1,NA,No Card,NA
AD,126,B3,4638,M,NA,FALSE,TRUE,0,8,4,0,5,No,FALSE,NA,3,NA,No Card,NA
SBS,127,R1,5353,C,3,FALSE,FALSE,0,4,0,4,6,No,TRUE,"5,6",3,NA,No Card,Turned around in auto
AW,127,R2,2186,F,NA,FALSE,FALSE,5,8,0,1,0,L1,FALSE,2,4,NA,No Card,NA
HR,127,R3,6882,M,NA,FALSE,FALSE,9,1,1,3,6,No,FALSE,"2,6",3,NA,No Card,NA
BS,127,B1,2912,C,NA,FALSE,FALSE,0,2,2,0,0,No,FALSE,4,4,NA,No Card,Played decent defense and considering the fact that they didn?t shoot they actually contributed a good amount
BP,127,B2,11318,F,NA,FALSE,FALSE,8,3,2,5,6,No,FALSE,"2,6",3,NA,No Card,NA
AD,127,B3,8590,M,NA,FALSE,FALSE,4,6,0,0,1,No,FALSE,2,3,1,No Card,Died during the third tele op shift
BP,128,R1,5841,NA,NA,FALSE,FALSE,0,0,0,0,0,No,FALSE,NA,1,NA,No Card,Very skillful as you can see
AW,128,R2,1446,NA,NA,FALSE,FALSE,0,9,1,0,0,No,FALSE,2,3,NA,No Card,"Couldn?t intake or shoot, got beached multiple times, herded/bulldozed the entire match"
HR,128,R3,1389,M,NA,FALSE,FALSE,6,0,4,2,8,No,FALSE,6,1,NA,No Card,NA
BS,128,B1,4464,M,NA,FALSE,FALSE,5,0,0,0,0,No,FALSE,NA,3,NA,No Card,Basically did nothing the whole game didn?t go under the trench or over the bump
BP,128,B2,1731,C,3,FALSE,FALSE,0,1,0,7,8,No,FALSE,"2,6",5,NA,No Card,Missed they whole auto
KO,128,B3,449,F,3,FALSE,FALSE,12,12,0,5,2,No,FALSE,"2,3,6,1",5,NA,No Card,NA
MH,129,R1,888,F,NA,FALSE,FALSE,10,0,0,5,6,No,FALSE,NA,1,NA,No Card,NA
AW,129,R2,1727,C,3,FALSE,FALSE,15,4,0,3,0,No,FALSE,"2,6",4,1,No Card,Died towards the end of the match
HR,129,R3,4821,M,NA,FALSE,FALSE,4,3,1,0,0,No,FALSE,"4,5",1,NA,No Card,NA
BP,129,B2,2421,M,NA,FALSE,FALSE,0,2,4,0,0,No,FALSE,"6,4",2,NA,No Card,Played D all game
AD,129,B3,2537,C,3,FALSE,FALSE,13,8,0,3,1,No,FALSE,"1,2,6",4,NA,No Card,NA
SBS,129,B1,4472,F,3,FALSE,FALSE,6,8,0,4,7,No,FALSE,6,4,NA,No Card,Tuff_ - Caves & Cliffs Update
BP,85,R1,2988,M,NA,FALSE,FALSE,6,11,0,0,7,No,FALSE,"3,4,5",2,NA,No Card,Played defense almost the whole time
HR,85,R2,2914,NA,NA,FALSE,FALSE,0,0,0,0,0,No,FALSE,NA,1,NA,No Card,NA
AW,85,R3,5353,C,3,FALSE,FALSE,13,8,2,5,4,No,FALSE,"1,6",3,NA,No Card,Bad piece security
AD,85,B1,8590,M,NA,FALSE,FALSE,0,9,0,1,0,No,FALSE,"3,4,5",5,NA,No Card,Intake broke and maybe shooter broke. But the driver figured things out and played really defense
BS,85,B2,5338,C,3,FALSE,FALSE,0,5,2,5,0,No,FALSE,"2,6",4,NA,No Card,Played a good game overall auto probably would?ve been good but crashed into trench on the way back
AZ,85,B3,5587,F,NA,FALSE,FALSE,0,0,3,0,2,No,FALSE,6,1,NA,No Card,"Only like a few balls shot most were stuck inside hopper, indexer didn?t work and made contact with alliance partner in auto"
KO,130,R1,5587,F,NA,FALSE,FALSE,6,0,4,1,0,No,FALSE,NA,2,NA,No Card,They were stopped during the first 30s or so
AW,130,R2,5243,C,NA,FALSE,FALSE,5,6,0,2,0,L1,FALSE,"2,6",3,NA,No Card,Failed auto climb
HR,130,R3,6882,M,NA,FALSE,FALSE,4,3,4,4,5,No,FALSE,6,3,NA,No Card,NA
BP,130,B1,2914,M,NA,FALSE,FALSE,0,2,0,0,0,F,FALSE,5,4,NA,No Card,"Played mid defense, other than that did nothing"
BP,130,B2,3373,M,1,FALSE,FALSE,0,0,0,0,0,No,FALSE,NA,1,1,No Card,Insta death
AD,130,B3,5338,C,3,FALSE,FALSE,10,5,0,4,9,No,FALSE,"2,6,5",5,NA,No Card,NA
SC,131,R1,1731,C,3,FALSE,FALSE,0,3,0,5,5,No,FALSE,5,5,NA,No Card,Auto shots seemed to missed the hub
BP,131,R2,11211,M,NA,FALSE,FALSE,0,6,1,0,2,No,FALSE,2,1,NA,No Card,"Only shot preload, tried to bulldoze, didn41391t intake, got beached"
NS2,131,R3,2900,F,NA,FALSE,FALSE,0,4,0,1,4,No,FALSE,6,1,NA,No Card,They tried shooting but completely missed
AZ,131,B1,4464,C,NA,FALSE,FALSE,0,4,8,0,0,No,FALSE,2,1,NA,No Card,Got stuck for half the match and could not intake
BS,131,B2,2186,F,NA,FALSE,FALSE,1,1,0,0,7,F,FALSE,6,3,NA,No Card,"Pretty slow bot, basically did nothing for the first half of the match and when they did intake full they missed most the balls"
KO,131,B3,2988,M,NA,FALSE,FALSE,4,5,3,1,6,No,FALSE,6,3,NA,No Card,Struggled to get over the bump
SC,132,R1,4456,C,NA,FALSE,FALSE,0,5,1,0,5,No,FALSE,5,2,NA,No Card,Auto only scored preload and robot didn41391t move for endgame but was not disconnected
BP,132,R2,2537,F,3,FALSE,FALSE,6,4,0,4,4,No,FALSE,6,4,NA,No Card,"Mostly intaked from AZ when possible, stood cycles and ok shooting"
NS2,132,R3,1389,F,NA,FALSE,FALSE,0,0,4,1,8,No,FALSE,2,2,NA,No Card,They did not go to neutral zone often during active period
AZ,132,B1,3714,F,NA,FALSE,FALSE,2,0,0,0,0,No,FALSE,NA,1,NA,No Card,"Broken swerve, could not shoot either"
BS,132,B2,5353,F,3,FALSE,FALSE,0,7,1,3,0,No,FALSE,"2,6",4,NA,No Card,"Their auto is not accurate at all they probably missed 92% of balls shot in auto, small hopper, tried their best to bulldoze, passed to human player alot"
KO,132,B3,2912,C,NA,FALSE,FALSE,1,0,2,0,2,No,FALSE,NA,1,NA,No Card,"Weak shooter, bad indexer, got stuck on OZ bump"
BH,133,R1,6239,M,NA,FALSE,FALSE,3,3,0,0,4,No,FALSE,6,2,NA,No Card,Shot from middle?
BP,133,R2,449,C,3,FALSE,FALSE,12,4,0,6,2,No,FALSE,"2,6",4,NA,No Card,"Good accuracy, bps, and quantity shot total"
NS2,133,R3,888,F,3,FALSE,FALSE,18,4,2,5,0,No,FALSE,"1,2",5,NA,No Card,They looked like they knew what they were doing
AZ,133,B1,1727,C,NA,FALSE,FALSE,4,10,0,3,8,No,FALSE,NA,5,NA,No Card,NA
BS,133,B2,8590,M,NA,FALSE,FALSE,2,5,1,0,0,No,FALSE,2,3,NA,No Card,"Didn41391t score at all during tele, tried their best to bulldoze but overall didn41391t contribute much to their team"
KO,133,B3,5243,F,NA,FALSE,FALSE,3,3,3,1,0,No,FALSE,NA,2,NA,No Card,NA
BH,134,R1,2914,F,NA,FALSE,FALSE,0,0,0,0,0,No,FALSE,NA,1,1,No Card,NA
BP,134,R2,4821,F,NA,FALSE,FALSE,2,2,2,0,0,No,FALSE,4,2,1,No Card,"Played good defense, then got beached on bump and died"
NS2,134,R3,2421,M,NA,FALSE,FALSE,2,12,0,1,4,No,FALSE,2,1,NA,No Card,They didn41391t get many fuel and idled for periods of time
AZ,134,B1,1446,M,NA,FALSE,FALSE,7,3,0,0,0,No,FALSE,6,1,NA,No Card,"Moved to neutral and didn41391t move, had trouble, potentially new driver"
BS,134,B2,5549,C,3,FALSE,FALSE,0,3,0,2,2,No,FALSE,"1,6",4,NA,No Card,"5549 is pretty good, they passed well and intaked full but compared to teams like 1731 or 888 they didn41391t score as much"
MC,134,B3,116,F,NA,FALSE,FALSE,0,0,6,3,6,L1,TRUE,6,4,NA,No Card,Has huge hopper triple shooter
BH,135,R1,11318,C,NA,FALSE,FALSE,3,6,0,5,2,No,FALSE,6,3,NA,No Card,Only got to bulldoze once do to defense
BP,135,R2,5587,F,1,FALSE,FALSE,4,6,0,2,8,No,FALSE,6,3,NA,No Card,Good auto for middle even though they didn41391t start there
NS2,135,R3,4638,M,NA,FALSE,TRUE,2,3,3,1,2,L1,TRUE,4,4,NA,No Card,They were up in their faces blocking them from scoring
AZ,135,B1,4472,F,3,FALSE,FALSE,15,12,0,4,7,No,FALSE,NA,5,NA,No Card,"If not for turret slight inaccuracies these robot has potential, they soloed nearly a win"
BS,135,B2,7886,C,NA,FALSE,FALSE,0,8,2,0,0,No,FALSE,"4,5",5,NA,No Card,"They played good defense and they also bulldozed a bit, passed to human player. I know their in contention as a third pick but I think bulldozing has a be better"
MC,135,B3,5841,NA,NA,FALSE,FALSE,0,0,0,0,0,No,FALSE,NA,3,NA,No Card,NA
BH,136,R1,5243,C,NA,FALSE,FALSE,3,2,1,2,0,No,FALSE,NA,1,NA,No Card,Tried to climb in auto
BP,136,R2,3373,F,1,FALSE,FALSE,6,0,6,2,8,No,FALSE,6,3,NA,No Card,Decent fire rate but intake speed and throughput are low
NS2,136,R3,888,F,3,FALSE,FALSE,13,9,1,4,0,No,FALSE,6,3,NA,No Card,They shot while being pushed and mostly didn41391t get moved. They didn41391t do any defense.
AZ,136,B1,1389,C,NA,TRUE,FALSE,2,0,6,4,5,No,FALSE,6,4,NA,No Card,"Got stuck on bump during auto, fastest indexing I41391ve seen, low accuracy for turret, large hopper capacity but risk of beaching or getting stuck on the bump during crucial auto"
BS,136,B2,2186,C,NA,FALSE,FALSE,2,5,0,1,7,L1,FALSE,2,4,1,No Card,"Died once and came back to life, decent bulldozing, only made about 50 percent of their hopper each time they shot,climb when there was about 15 secs left"
MC,136,B3,6239,F,3,FALSE,FALSE,7,4,0,1,3,No,FALSE,"4,5",4,NA,No Card,Started browning out and then just went to play defense
BH,137,R1,11211,F,NA,FALSE,FALSE,0,1,0,0,0,No,FALSE,NA,2,NA,No Card,Defense and bot is super slow
BP,137,R2,4464,M,NA,FALSE,FALSE,0,3,5,0,6,No,FALSE,"6,4,5",2,1,No Card,"Did a bit of everything, wasn41391t particularly effective"
NS2,137,R3,5338,C,3,FALSE,FALSE,13,9,0,5,4,No,FALSE,"2,6",4,NA,No Card,They41391re good on the offense and getting cycles in. Didn41391t focus on any defense only intaking and occasionally bulldozing.
AZ,137,B1,5549,F,3,FALSE,FALSE,11,10,0,4,6,No,FALSE,1,3,NA,No Card,"Had a lot of trouble shooting, spent multiple seconds to shot out the hopper, movement is ok but not amazing, worried that it takes too long to get inertia"
BS,137,B2,449,C,3,FALSE,FALSE,12,3,0,4,5,No,FALSE,6,5,NA,No Card,NA
MC,137,B3,2912,NA,2,FALSE,FALSE,2,2,2,0,5,No,FALSE,5,3,NA,No Card,Got stuck on the bump for more than half of the match
EC,138,R1,2988,C,NA,TRUE,FALSE,10,4,1,3,3,No,FALSE,6,2,NA,No Card,Intake slow and prone to temporary jams; inconsistent fire rate
BP,138,R2,4821,M,NA,FALSE,FALSE,2,2,4,1,1,No,FALSE,"4,6",3,NA,No Card,"Mostly defensive, shots came up short, but defense was respectable"
NS2,138,R3,4456,F,NA,FALSE,FALSE,2,7,3,2,7,No,FALSE,"2,6,4",2,NA,No Card,Big hopper. Most of their shoots didn41391t make it. Cleanly went over bumps
MY,138,B1,2900,F,NA,FALSE,FALSE,4,10,0,1,7,No,FALSE,6,2,NA,No Card,"shooter inaccurate and slow, chose to feed HP during inactive""AD"
BS,138,B2,2914,F,NA,FALSE,FALSE,0,2,0,0,0,No,FALSE,NA,3,1,No Card,"Did nothing during auto, hopper is extremely small (could probably only fit 2-4 balls), did nothing during tele and then died."
AD,138,B3,11318,C,1,FALSE,FALSE,14,12,0,5,8,No,FALSE,"2,4,6",5,NA,No Card,"Very good bulldozer, stockpiled lots of balls"
EC,139,R1,2421,M,NA,FALSE,FALSE,7,0,2,0,0,No,FALSE,2,2,NA,No Card,Just drove around never shot during teleop
BP,139,R2,1727,F,3,FALSE,FALSE,7,7,0,4,2,No,FALSE,6,4,NA,No Card,"Good hopper capacity, inactive shifts aren41391t optimized"
NS2,139,R3,5353,C,3,FALSE,FALSE,12,9,3,1,0,No,FALSE,"2,4",4,NA,No Card,They maneuvered very cleanly? and they didn41391t shoot much. They focused heavily on defens.
AZ,139,B1,4472,C,3,FALSE,FALSE,13,3,1,1,0,No,FALSE,1,4,NA,No Card,"Intake is having issues, hopper plate broke off, tried to move balls to HP but was unsuccessful, big issues"
BS,139,B2,4638,M,NA,FALSE,TRUE,0,3,4,0,1,F,FALSE,4,3,NA,No Card,"Played decent defense towards the start of the match but overall didn41391t contribute much, only made like 2 balls the whole match. They41391re consistently climbing in auto but failing in end game"
AD,139,B3,1446,F,NA,FALSE,FALSE,0,10,3,0,0,No,FALSE,2,2,NA,No Card,"Had shooter, but didn41391t shoot. Prob broken. Tank drive"
BP,86,R1,2912,M,NA,FALSE,FALSE,0,0,5,0,0,No,FALSE,3,1,NA,No Card,"Struggled to get over bump, didn?t shoot at all"
HR,86,R2,6239,C,3,FALSE,FALSE,5,6,0,0,5,No,FALSE,"2,6",2,NA,No Card,"Inaccurate auto, shooter malfunction"
AW,86,R3,4464,F,NA,FALSE,FALSE,3,2,0,0,3,No,FALSE,NA,2,NA,No Card,"Tried to intake during inactive, but mostly just slowly spun around"
AD,86,B1,11211,C,NA,FALSE,FALSE,0,0,1,0,1,No,FALSE,NA,1,1,No Card,"Died before first inactive period, dangling wires, cardboard hopper held together with tape."
BS,86,B2,4821,M,NA,FALSE,FALSE,4,4,3,0,0,No,FALSE,"3,4",4,NA,No Card,Very small hopper
AZ,86,B3,4472,F,3,FALSE,FALSE,13,6,0,4,4,No,FALSE,1,3,NA,No Card,NA
EC,140,R1,2537,F,3,FALSE,FALSE,10,6,0,6,0,No,FALSE,1,3,NA,No Card,Struggles under defensive pressure
BP,140,R2,5587,M,NA,FALSE,FALSE,3,6,0,2,7,No,FALSE,6,3,NA,No Card,Sometimes inaccurate an imprecise
NS2,140,R3,1731,C,3,FALSE,FALSE,20,4,2,2,0,No,FALSE,6,4,NA,No Card,Seemed like swerve was browning out in endgame. They had good movement
AZ,140,B1,116,C,NA,FALSE,FALSE,1,0,6,3,7,No,FALSE,NA,4,NA,No Card,"Stuck balls between hopper wall and intake easy breaks the hopper is big and the shoot abilities are overall limited, triple shooter but not hooded so accuracy is not ideal"
BS,140,B2,6882,F,NA,FALSE,FALSE,4,4,3,1,4,No,FALSE,2,3,NA,No Card,NA
AD,140,B3,3714,M,NA,FALSE,FALSE,5,0,2,0,0,No,FALSE,4,1,NA,No Card,"Tilted upward a lot when accelerating or turning, made them beach on fuel when driving in straight line."
EC,141,R1,5841,M,NA,FALSE,FALSE,0,0,0,0,0,No,FALSE,NA,1,NA,No Card,"Seems to be broken, minimal movement"
Bp,141,R2,5243,F,NA,FALSE,FALSE,2,1,1,0,3,No,FALSE,NA,1,1,No Card,Battery fell out
NS2,141,R3,4456,F,NA,FALSE,FALSE,1,1,1,1,3,No,FALSE,NA,2,1,No Card,They preferred not going into. neutralzone
AZ,141,B1,7886,C,NA,FALSE,FALSE,1,8,4,0,0,No,FALSE,2,3,NA,No Card,"Was blocking their oneness alliance, blocking opponents during their own active period, not enough weight to push others, got beached on fuel"
BS,141,B2,8590,M,NA,FALSE,FALSE,5,6,0,0,0,No,FALSE,2,4,NA,No Card,"Pretty good bulldozing, no shooter, considering the fact that they couldnt shoot their defense and bulldozing should have been a lot better than it was."
AD,141,B3,11211,F,NA,FALSE,FALSE,0,6,0,0,0,No,FALSE,2,3,NA,No Card,Shoooter broken?
EC,142,R1,888,F,3,FALSE,FALSE,20,6,7,4,5,No,FALSE,NA,3,NA,No Card,Missed a surprising amount. Under severe defense pressure though
BP,142,R2,4638,M,NA,FALSE,FALSE,0,4,0,1,7,L1,FALSE,"3,4",2,NA,No Card,"Failed auto climb, successful in endgame"
NS2,142,R3,4464,M,NA,FALSE,FALSE,1,3,1,0,7,No,FALSE,2,2,NA,No Card,Their swerve was broken at the endgame
AZ,142,B1,2900,F,NA,FALSE,FALSE,3,9,0,1,6,No,FALSE,NA,2,NA,No Card,"Did not shoot or have good intake, it has open hopper but also blocked alliance members"
BS,142,B2,5338,C,3,FALSE,FALSE,6,2,2,4,4,No,FALSE,"2,6",5,NA,No Card,"Scored basically all of their teams fuel, very good. bulldozing, overall areally impressive performance considering they were basically 1v3ing in terms of scoring"
AD,142,B3,4821,M,NA,FALSE,FALSE,5,8,1,1,0,No,FALSE,NA,3,NA,No Card,NA
EC,143,R1,2914,M,NA,FALSE,FALSE,0,0,0,0,0,No,FALSE,NA,1,NA,No Card,Didn41391t move at all
BP,143,R2,1389,F,3,TRUE,FALSE,3,0,2,2,4,No,FALSE,"6,2",3,NA,No Card,"Indexing is inconsistent, jams frequently"
NS2,143,R3,1731,C,3,FALSE,FALSE,20,9,1,7,5,No,FALSE,"2,6,5",5,NA,No Card,Had clean maneuvers around the neutral zone. Good defense the neutral. They were able to get many cycles and had a high output.
AZ,143,B1,2186,C,NA,FALSE,FALSE,0,0,0,0,0,No,FALSE,NA,1,1,No Card,Robot barely moved
BS,143,B2,1446,M,NA,FALSE,FALSE,0,2,2,0,0,No,FALSE,2,3,NA,No Card,"No shooting, pretty bad bulldozing, both teammates died"
AD,143,B3,1727,F,3,FALSE,FALSE,6,4,2,3,2,No,FALSE,6,4,1,No Card,Died during the last teleop shift
EC,144,R1,6882,M,NA,FALSE,FALSE,8,3,1,3,5,No,FALSE,2,3,NA,No Card,No functional intake? They ram against the wall to get fuel in hopper
BP,144,R2,6239,C,3,FALSE,FALSE,3,0,0,0,0,No,FALSE,TRUE,1,1,NA,NA
NS2,144,R3,2421,F,NA,FALSE,FALSE,2,4,0,2,0,No,FALSE,"2,6",1,NA,No Card,They were moving very clumsy and swerve might have been bad
AZ,144,B1,2988,NA,NA,FALSE,FALSE,0,6,0,1,7,No,FALSE,NA,3,NA,No Card,NA
BS,144,B2,449,NA,NA,FALSE,FALSE,0,3,0,2,7,No,FALSE,"2,6",5,NA,No Card,Our auto didn41391t worked this time and I think our intake came off. Still won tho
AD,144,B3,3714,M,NA,FALSE,FALSE,5,0,0,0,0,No,FALSE,NA,1,1,No Card,"Died, came alive for a second, then got stuck on bump"
BP,145,R2,11318,M,NA,FALSE,FALSE,3,8,0,3,5,No,FALSE,"4,6,2",4,NA,Yellow Card,Launch angle for balls was too long
NS2,145,R3,5353,C,3,FALSE,FALSE,20,4,0,5,4,No,FALSE,2,5,NA,No Card,They move quickly and they41391re able to get a lot of cycles. They have a small hopper.
AZ,145,B1,116,C,NA,FALSE,FALSE,0,0,6,4,7,L1,TRUE,NA,3,NA,No Card,Was the only one consistently putting up fuel
BS,145,B2,5841,NA,NA,FALSE,FALSE,0,0,0,0,0,No,FALSE,NA,1,NA,No Card,Was the only one consistently putting up fuel
AD,145,B3,8590,M,NA,FALSE,FALSE,4,11,0,0,0,No,FALSE,"2,4,5",3,NA,No Card,NA
EC,145,R1,5549,F,3,FALSE,FALSE,6,0,1,1,0,No,FALSE,2,4,1,No Card,Stopped moving early on
EC,146,R1,5587,F,NA,FALSE,FALSE,15,3,1,3,6,No,FALSE,"2,6",3,NA,No Card,Visually wobbly
BP,146,R2,4472,C,3,FALSE,FALSE,3,6,1,3,8,No,FALSE,"4,6",3,NA,No Card,"Some volleys were completely off, most were good"
NS2,146,R3,2912,M,NA,FALSE,FALSE,0,0,3,0,2,No,FALSE,4,1,NA,No Card,They were died for a minute. They don41391t move cleanly
AZ,146,B1,7886,F,NA,FALSE,FALSE,0,3,5,0,0,No,FALSE,2,3,NA,No Card,"Beaching, no shooting, defensive bot HP feeding"
BS,146,B2,3373,M,NA,FALSE,FALSE,0,0,4,2,0,No,FALSE,6,4,NA,No Card,NA
AD,146,B3,2537,C,13,FALSE,FALSE,15,10,0,5,3,No,FALSE,"2,1,6",4,NA,No Card,NA
BP,87,R1,5549,M,NA,FALSE,FALSE,4,2,1,3,6,No,FALSE,"5,6",3,NA,No Card,Net makes trench slightly inconsistent
HR,87,R2,888,F,NA,FALSE,FALSE,10,7,3,4,0,No,FALSE,"1,6",4,NA,No Card,Inaccurate auto
AW,87,R3,2537,F,31,FALSE,FALSE,15,6,0,5,3,No,FALSE,"1,6",3,NA,No Card,NA
AD,87,B1,3373,C,1,FALSE,FALSE,7,0,6,4,4,No,FALSE,"1,5",4,NA,No Card,NA
BS,87,B2,6882,M,NA,FALSE,FALSE,0,4,2,2,2,No,FALSE,2,1,NA,No Card,Small hopper didn?t really score that much
AZ,87,B3,2900,F,NA,FALSE,FALSE,4,8,0,1,0,No,FALSE,6,1,NA,No Card,"Unable to shot any balls, blocked their own teammate and had trouble moving around"
BP,88,R1,5243,F,NA,FALSE,FALSE,2,4,2,2,1,L1,FALSE,"6,5",2,NA,No Card,Has some trouble intaking to capacity
HR,88,R2,2186,F,NA,FALSE,FALSE,3,9,0,0,0,No,FALSE,2,3,NA,No Card,Intake malfunction
AW,88,R3,3714,M,NA,FALSE,FALSE,5,7,1,0,5,No,FALSE,2,2,NA,No Card,Shot some of the fuel it intaked as soon as it intaked it
AD,88,B1,2988,M,NA,FALSE,FALSE,7,8,0,2,0,No,FALSE,NA,3,NA,No Card,NA
BS,88,B2,2421,F,NA,FALSE,FALSE,0,3,0,1,3,No,FALSE,NA,3,NA,No Card,NA
AZ,88,B3,5841,C,NA,FALSE,FALSE,0,0,0,0,0,No,FALSE,NA,1,NA,No Card,"Just driving no shooting, just drivetrain not even moving it didn?t connect so it didn?t do anything but block bump"
BP,89,R1,8590,F,NA,FALSE,FALSE,0,0,0,0,8,No,FALSE,NA,1,NA,No Card,"Didn?t leave AZ, very inconsistent shooting"
HR,89,R2,4456,C,NA,FALSE,FALSE,5,7,2,0,2,No,FALSE,"2,6",2,NA,No Card,Lost battery
AW,89,R3,1446,NA,NA,FALSE,FALSE,0,0,0,0,0,No,FALSE,NA,1,NA,No Card,NA
AD,89,B1,5338,C,3,FALSE,FALSE,0,9,0,8,0,No,FALSE,"1,5",5,NA,No Card,NA
BS,89,B2,1731,F,3,FALSE,FALSE,6,5,0,3,2,No,FALSE,1,4,NA,No Card,"Passed to human player a lot, good passing, scored most of their hopper when they shot"
AZ,89,B3,2912,M,NA,FALSE,FALSE,0,0,1,1,0,No,FALSE,NA,1,NA,No Card,"No strategy, swerve looked broken, no auto, Kitbot, very bad movement"
EC,147,B3,9072,C,3,TRUE,FALSE,20,4,2,6,6,No,FALSE,"1,2",4,NA,No Card,
MC,147,R1,1719,M,,FALSE,FALSE,0,6,2,0,0,No,FALSE,"4,5",3,NA,No Card,Only defense
AM,147,R3,401,F,3,TRUE,FALSE,2,2,3,2,7,No,FALSE,2,4,NA,No Card,"Intake broke in auto, turret.?"
BP,147,B1,449,F,3,FALSE,FALSE,14,6,1,3,1,No,FALSE,"1,2,6",3,NA,No Card,Browned out and just bubbled shots at the end
AZ,147,B2,540,M,,FALSE,FALSE,2,11,1,2,2,No,FALSE,"1,2,4",3,NA,No Card,A mix of all types of defense?
MH,147,R2,2106,C,3,TRUE,FALSE,17,7,9,6,5,No,FALSE,"3,6,1",3,NA,No Card,
NS,148,R2,8590,M,,FALSE,FALSE,0,6,0,0,0,No,FALSE,"2,4",2,NA,No Card,"Ineffective defense, defense only"
EC,148,B3,8592,M,3,FALSE,FALSE,4,0,3,3,4,No,FALSE,"2,1",1,NA,No Card,Slow
HR,148,R1,3748,F,3,FALSE,FALSE,11,4,2,3,7,No,FALSE,,3,1,No Card,
AD,148,B2,3258,C,,FALSE,FALSE,0,12,0,0,5,No,FALSE,2,4,NA,No Card,Intake jammed early in teleop
AM,148,R3,4472,C,3,FALSE,FALSE,5,3,1,3,0,No,FALSE,"1,4,5,2,6",3,NA,No Card,Intake functionality was unreliable. Turret.?
BP,148,B1,2890,F,,FALSE,FALSE,0,0,6,2,8,No,FALSE,"6,2",2,3,No Card,Looked like failed bump NZ auto
AM,149,R3,5549,C,3,TRUE,FALSE,8,3,2,1,0,No,FALSE,"2,4,5,6,3",2,NA,No Card,
HR,149,R1,10224,F,,TRUE,FALSE,3,0,6,3,5,No,FALSE,6,3,"4,2",No Card,
CC,149,B3,2068,M,,FALSE,FALSE,0,6,2,0,0,No,FALSE,"3,6",4,NA,No Card,
AZ,149,B2,1086,F,,FALSE,FALSE,8,0,8,4,5,No,FALSE,6,3,NA,No Card,
JD,149,R2,1111,M,,FALSE,FALSE,0,4,0,0,0,No,FALSE,,3,NA,No Card,Did41391t move in auto
BP,149,B1,346,C,3,TRUE,FALSE,10,0,6,3,1,No,FALSE,"1,6",4,4,No Card,"Ran reverse intake to pass, huge capacity"
CC,150,B3,3361,M,,FALSE,FALSE,0,10,0,0,7,No,FALSE,2,2,NA,No Card,
HR,150,R1,1731,M,1,FALSE,FALSE,0,4,2,5,0,No,FALSE,6,4,NA,No Card,
AM,150,R3,2199,C,3,FALSE,FALSE,13,14,2,4,9,No,FALSE,"1,2,6,3",3,NA,No Card,
AD,150,B2,2537,F,3,FALSE,FALSE,0,6,0,4,4,No,FALSE,"2,6",4,NA,No Card,
BP,150,B1,5804,C,3,TRUE,FALSE,1,0,6,1,8,No,FALSE,"6,2",2,3,No Card,
JD,150,R2,4099,F,3,FALSE,FALSE,10,3,2,3,4,No,FALSE,"2,3",5,NA,No Card,Stuck but teammate got them unstuck?
HR,151,R1,5724,M,,FALSE,FALSE,0,10,0,0,0,No,FALSE,2,2,NA,No Card,Shooter malfunction
CC,151,B3,122,F,3,FALSE,FALSE,6,2,0,4,6,No,FALSE,6,3,NA,No Card,
AM,151,R3,422,F,3,TRUE,FALSE,10,3,11,4,2,No,FALSE,"2,6",4,NA,No Card,
AZ,151,B2,1389,C,,TRUE,FALSE,3,0,6,3,4,No,FALSE,6,1,4,No Card,"Had trouble moving for some reason near the end,?"
JD,151,R2,11318,C,1,FALSE,FALSE,0,5,0,0,5,No,FALSE,"2,3",3,NA,No Card,
BP,151,B1,10679,M,,FALSE,FALSE,0,14,1,0,0,No,FALSE,"2,4,5",1,NA,No Card,"Bulldozed some to opponents HP, did41391t shoot at all"
HR,152,R1,5587,F,,FALSE,FALSE,0,0,0,0,0,No,FALSE,,2,NA,No Card,Auto shots missed and then they browned out
BP,152,B1,836,C,3,FALSE,FALSE,9,5,7,6,0,No,FALSE,"1,2,6",5,NA,No Card,"Effective herding, quick accurate shooting"
AM,152,R3,620,M,,FALSE,FALSE,3,0,8,1,2,No,FALSE,"3,6,4",3,NA,No Card,
CC,152,B3,614,F,3,FALSE,FALSE,10,0,4,3,0,No,FALSE,"2,6",4,NA,No Card,
JD,152,R2,619,C,3,FALSE,FALSE,2,4,1,1,4,No,FALSE,2,3,NA,No Card,Kinda slow?
AD,152,B2,3939,M,1,FALSE,FALSE,6,8,0,5,7,No,FALSE,6,4,NA,No Card,"Intake and hopper walls seem flimsy, intake looks like it might fall off in later rounds"
AM,153,R3,1727,C,3,FALSE,FALSE,3,3,1,3,0,No,FALSE,6,3,NA,No Card,
CC,153,B3,686,F,3,FALSE,FALSE,20,5,0,3,3,No,FALSE,"1,2",3,NA,No Card,
AZ,153,B2,1895,C,,FALSE,FALSE,0,0,6,1,2,No,FALSE,2,3,NA,No Card,Weak intaking
BP,153,B1,11425,M,,FALSE,FALSE,3,3,1,0,0,No,FALSE,"4,2",4,NA,No Card,Really good defense
JD,153,R2,1629,F,3,FALSE,FALSE,4,6,1,1,3,No,FALSE,"2,3",3,NA,No Card,Shooter did not work very well?
HR,153,R1,2421,M,,FALSE,FALSE,3,7,6,0,0,No,FALSE,"4,2,5",4,NA,No Card,Intake probably did41391t work
HR,154,R1,1908,C,,TRUE,FALSE,8,7,3,5,6,No,FALSE,"3,6",4,NA,No Card,
BP,154,B1,1262,C,3,TRUE,FALSE,0,6,0,2,0,No,FALSE,"2,6",2,NA,No Card,Bps is way too low for their huge hopper
JD,154,R2,5243,M,,FALSE,FALSE,0,1,3,3,2,No,FALSE,2,3,NA,No Card,No real auto?
AM,154,R3,10004,F,3,FALSE,FALSE,10,6,2,1,0,No,FALSE,"2,6",3,NA,No Card,
AD,154,B2,4541,M,,FALSE,FALSE,3,6,2,0,0,No,FALSE,4,2,2,No Card,Intake broke/did41391t deploy
CC,154,B3,11415,F,3,FALSE,FALSE,20,2,0,4,8,No,FALSE,,1,NA,No Card,
HR,155,R1,9033,M,,FALSE,FALSE,0,7,0,0,5,No,FALSE,"4,5",4,NA,No Card,
CC,155,B3,888,F,3,FALSE,FALSE,10,5,0,4,6,No,FALSE,6,4,NA,No Card,
JD,155,R2,5338,F,3,FALSE,FALSE,6,3,2,2,2,No,FALSE,2,4,4,No Card,
AM,155,R3,3136,C,3,TRUE,FALSE,13,4,0,0,8,No,FALSE,"2,6",4,NA,No Card,Shooter stopped working.?
BP,155,B1,2377,C,,FALSE,FALSE,0,4,0,7,0,No,FALSE,"2,6",3,NA,No Card,Small hopper makes unnecessary cycle counts and wasted time
AZ,155,B2,339,M,,FALSE,FALSE,7,10,0,1,0,No,FALSE,2,2,NA,No Card,"No intaking, broken driving"
DK,156,R1,540,C,3,FALSE,FALSE,10,4,0,3,4,No,FALSE,"1,3",4,NA,No Card,
GK,156,R2,1086,M,1,FALSE,FALSE,4,0,6,4,2,No,FALSE,6,3,NA,No Card,
MY,156,R3,8592,F,3,TRUE,FALSE,9,0,8,5,6,No,FALSE,"1,2,6",4,4,No Card,"stuck on bump during auto, bump only robot"
RY,156,B1,1719,C,3,FALSE,FALSE,17,5,1,0,0,No,FALSE,"4,5",4,NA,No Card,"In auto, shot preload and then went into neutral zone. Did not shoot at all in teleop, almost only defense in the NZ. Pretty good driver, did have trouble going under the trench"
NS,156,B2,3361,M,,FALSE,FALSE,0,0,0,0,0,No,FALSE,,3,0,No Card,
MH,156,B3,1731,F,3,FALSE,FALSE,18,8,0,6,0,No,FALSE,2,3,NA,No Card,browning out in the last 20 seconds (endgame)
DK,157,R1,2068,F,1,FALSE,FALSE,10,1,1,0,7,No,FALSE,4,2,NA,No Card,They wasted a lot of time driving around aimlessly. They had no contribution to their alliance (even with shoveling - which they helped bring like 5 balls on average). They are decent defenders.
NS,157,R3,449,F,3,FALSE,FALSE,9,9,1,8,8,No,FALSE,"1,2,6",5,NA,No Card,Herding was during active periods but like minor optimization.
MY,157,B1,9072,C,3,TRUE,FALSE,7,5,7,5,7,No,FALSE,"2,6",4,4,No Card,"had auto trouble, got a little bit stuck on the bump on the end but was able to correct it"
RY,157,B2,2106,F,,FALSE,FALSE,0,6,5,14,0,No,FALSE,"1,6",4,NA,No Card,"Honestly it is so hard to estimate how many hoppers are emptied because it just keeps on intaking and shooting immediately. One thing I noticed was how it moved against the wall and clear out the balls against it like a hypostomus plecostomus. It is pretty accurate, did not stop shooting."
GK,157,B3,5804,M,,FALSE,FALSE,2,0,3,0,0,No,FALSE,"2,1",3,NA,No Card,Spent vast majority of the match in the NZ
CL,157,R2,1389,M,,TRUE,FALSE,0,0,0,1,0,No,FALSE,1,3,1,No Card,Died for 95 percent of match
CC,158,B3,5587,M,,FALSE,FALSE,2,0,0,0,0,No,FALSE,,1,NA,No Card,Ded
AM,158,R3,2890,C,2,FALSE,FALSE,3,0,6,2,0,No,FALSE,"2,6",4,NA,No Card,
CL,158,R2,2199,C,3,FALSE,FALSE,5,0,0,0,0,No,FALSE,,3,1,No Card,Stopped moving after auto
BP,158,B1,122,C,,TRUE,FALSE,10,9,1,4,4,No,FALSE,"2,6",3,NA,No Card,Scored a lot but over shot a lot as well
SBS,158,R1,10224,F,3,TRUE,FALSE,3,2,0,3,2,No,FALSE,6,3,NA,No Card,Really top heavy
AZ,158,B2,5549,F,3,TRUE,FALSE,6,0,1,0,0,No,FALSE,,2,"4,1",No Card,"Really cool auto but died right into tele, may have had something to do with the bump that they bot stuck on."
AM,159,R3,1111,M,,FALSE,FALSE,0,3,1,2,7,No,FALSE,"2,6",3,NA,No Card,
SBS,159,R1,11318,F,3,FALSE,FALSE,3,8,0,4,2,No,FALSE,3,3,NA,No Card,
BP,159,B1,686,F,3,FALSE,FALSE,10,8,0,1,0,No,FALSE,2,2,NA,No Card,"Either intake or shooter broke, and they didn41391t shoot"
CL,159,R2,619,C,3,FALSE,FALSE,14,3,0,4,7,No,FALSE,"2,1,6",4,NA,No Card,
CC,159,B3,422,C,3,FALSE,FALSE,20,3,1,4,0,No,FALSE,"1,2,6",4,NA,No Card,
AD,159,B2,3258,M,,FALSE,FALSE,0,1,0,0,0,No,FALSE,5,2,NA,No Card,"Intake jammed then unjammed, never shot"
AM,160,R3,346,C,,FALSE,FALSE,0,0,5,2,6,No,FALSE,6,4,NA,No Card,Shooter inconsistent?
JD,160,R2,3748,F,3,FALSE,FALSE,7,7,0,5,4,No,FALSE,"1,2",4,NA,No Card,
AW,160,B3,1908,F,3,FALSE,FALSE,13,6,2,7,5,No,FALSE,"6,3",4,2,No Card,
AZ,160,B2,620,M,,FALSE,FALSE,2,0,6,3,8,No,FALSE,6,4,NA,No Card,No auto movement
BP,160,B1,10679,C,,FALSE,FALSE,0,5,1,0,0,No,FALSE,"4,2",2,4,No Card,Did decent defense but not great
SBS,160,R1,2421,M,,FALSE,FALSE,0,6,0,1,0,No,FALSE,"2,4",5,NA,No Card,Great defense again but the bot doesn41391t do anything
AW,161,B3,614,C,3,TRUE,FALSE,7,0,6,5,3,No,FALSE,"1,6",3,NA,No Card,
AM,161,R3,3136,C,3,TRUE,FALSE,10,4,1,3,5,No,FALSE,"2,6",2,NA,No Card,
SBS,161,R1,888,F,3,FALSE,FALSE,15,8,0,1,5,No,FALSE,,4,1,No Card,Got rammed into corner in OZ
BP,161,B1,5243,F,,FALSE,TRUE,2,3,0,2,5,No,FALSE,"6,2",3,NA,No Card,Slow intake rate
JD,161,R2,10004,M,,FALSE,FALSE,0,3,1,3,3,No,FALSE,"6,1",3,NA,No Card,Had shooter problems
AD,161,B2,11425,M,,FALSE,FALSE,10,5,1,0,0,No,FALSE,"2,5,4",3,NA,No Card,
BP,162,B1,5724,F,,FALSE,FALSE,0,6,0,0,3,No,FALSE,2,1,1,No Card,"Couldn41391t index, then died"
SBS,162,R1,11415,C,3,FALSE,FALSE,5,5,1,6,2,No,FALSE,"2,1",5,NA,No Card,Elite team
JD,162,R2,339,F,,FALSE,FALSE,0,10,0,1,0,No,FALSE,"2,3",1,NA,No Card,
AZ,162,B2,2377,C,3,FALSE,FALSE,1,8,0,4,5,No,FALSE,2,3,NA,No Card,Shooting troubles
AW,162,B3,1895,M,,FALSE,FALSE,8,2,6,3,0,L1,TRUE,"2,6,4",3,NA,No Card,Played some not very effectual defense
AM,162,R3,8590,M,3,FALSE,FALSE,3,12,0,0,0,No,FALSE,2,3,NA,No Card,
AW,163,B3,836,F,,FALSE,FALSE,4,3,3,0,0,No,FALSE,"4,5",4,NA,No Card,Played some good defense
SBS,163,R1,401,F,3,TRUE,FALSE,6,4,1,0,4,No,FALSE,,2,NA,No Card,Got defended and folded?
BP,163,B1,9033,C,,FALSE,FALSE,0,2,0,3,3,No,FALSE,"6,2",2,NA,No Card,Missed about half of each small hopperload
AM,163,R3,4541,M,1,FALSE,FALSE,5,7,1,1,0,No,FALSE,2,3,NA,No Card,
JD,163,R2,4099,F,3,TRUE,FALSE,9,4,3,2,5,No,FALSE,"6,3",5,NA,No Card,Defense was played against them
AD,163,B2,1629,M,,FALSE,FALSE,0,5,2,0,0,No,FALSE,"4,5",3,NA,No Card,Something prob not working with shooter?
AM,164,R3,4472,C,,FALSE,FALSE,0,5,0,2,2,No,FALSE,,4,NA,No Card,Turret fell off
SBS,164,R1,2537,F,3,FALSE,FALSE,10,6,0,4,0,No,FALSE,"6,2",4,NA,No Card,
BP,164,B1,3939,C,3,TRUE,FALSE,4,4,0,4,0,No,FALSE,6,4,NA,No Card,
AZ,164,B2,1727,F,,FALSE,FALSE,7,11,3,2,7,No,FALSE,1,4,NA,No Card,Instead of intaking balls they rolled over them
JD,164,R2,1262,M,,FALSE,FALSE,3,3,4,1,7,No,FALSE,2,3,NA,No Card,
CC,164,B3,5338,M,,FALSE,FALSE,5,10,0,3,7,No,FALSE,"6,2",3,NA,No Card,
BP,165,B1,5804,C,3,TRUE,FALSE,6,0,5,2,0,No,FALSE,6,1,NA,No Card,Browned out and started to miss all shots
SBS,165,R1,1111,M,,FALSE,FALSE,0,2,0,0,0,No,FALSE,"4,5",2,NA,No Card,Bot didn41391t even move at the start and then halfway through started okay defense
JD,165,R2,540,F,3,FALSE,FALSE,3,5,0,4,0,No,FALSE,"2,1,6,3",4,NA,No Card,
AM,165,R3,2199,C,3,FALSE,FALSE,10,9,5,4,8,No,FALSE,"1,2,3,6",5,NA,No Card,
AD,165,B2,11318,M,,FALSE,FALSE,3,6,0,2,2,No,FALSE,6,3,NA,No Card,"Bot jammed, unjammed on wall"
CC,165,B3,2890,F,2,FALSE,TRUE,8,2,0,1,4,No,FALSE,"6,2",2,NA,No Card,
HR,166,R2,3361,M,,FALSE,FALSE,0,8,0,2,0,No,FALSE,"2,6",2,NA,No Card,
AM,166,R3,122,C,3,TRUE,FALSE,12,4,6,4,0,No,FALSE,"1,2,3,6",5,NA,No Card,
SBS,166,R1,1086,F,3,FALSE,FALSE,3,0,5,2,8,No,FALSE,2,4,NA,No Card,
BP,166,B1,2106,F,3,FALSE,FALSE,10,6,4,5,4,No,FALSE,"6,3,2",3,NA,No Card,
AD,166,B2,619,C,,FALSE,FALSE,4,8,0,4,3,No,FALSE,"2,6",4,NA,No Card,
CC,166,B3,2421,M,,FALSE,FALSE,2,8,0,3,6,No,FALSE,,1,NA,No Card,
AM,167,R3,5549,M,,FALSE,FALSE,0,5,7,5,0,No,FALSE,"1,2,6",4,NA,No Card,
HR,167,R2,614,C,,TRUE,FALSE,9,0,4,3,5,No,FALSE,"1,6",4,NA,No Card,
MY,167,B1,10004,F,3,FALSE,FALSE,5,4,1,5,6,No,FALSE,"1,6",4,NA,No Card,Good turret?
CC,167,B3,8592,C,,TRUE,FALSE,12,0,6,3,5,No,FALSE,"6,2",3,NA,No Card,
SBS,167,R1,686,F,3,TRUE,FALSE,6,4,2,4,0,No,FALSE,"1,2",4,2,No Card,Browned out at the end and got beached in auto
AD,167,B2,10679,M,,FALSE,FALSE,5,8,0,0,0,No,FALSE,"4,5,2",3,NA,No Card,No intake
MY,168,B1,1719,M,,FALSE,FALSE,3,9,1,0,7,No,FALSE,4,4,4,No Card,Solid defense?
CC,168,B3,339,F,3,FALSE,FALSE,10,6,0,0,2,No,FALSE,2,4,NA,No Card,Collect fuel for HP
AM,168,R3,3136,C,3,TRUE,FALSE,10,9,1,5,0,No,FALSE,"2,6",4,NA,No Card,
AD,168,B2,3748,C,,FALSE,FALSE,20,3,0,1,0,No,FALSE,,3,1,No Card,
HR,168,R2,1389,F,,TRUE,FALSE,0,0,2,2,5,No,FALSE,"1,6",3,NA,No Card,Inaccurate shooter
SBS,168,R1,5243,M,,FALSE,TRUE,0,0,0,2,5,No,FALSE,2,2,NA,No Card,
SBS,169,R1,4541,M,1,FALSE,FALSE,2,5,4,0,0,No,FALSE,"5,4,2",4,NA,No Card,
HR,169,R2,422,F,,TRUE,FALSE,15,4,6,4,0,No,FALSE,"1,6",5,NA,No Card,
AM,169,R3,1731,C,3,FALSE,FALSE,17,6,0,7,0,No,FALSE,"2,6",5,NA,No Card,
AD,169,B2,346,C,,FALSE,FALSE,0,0,6,4,5,No,FALSE,,4,2,No Card,"Beached when going over bump, quickly got back up"
MY,169,B1,1895,M,,FALSE,FALSE,4,7,3,0,7,L1,FALSE,"5,2",4,NA,No Card,Attempted defense against 1731
CC,169,B3,9072,F,3,FALSE,FALSE,20,2,4,3,3,No,FALSE,"3,2",1,NA,No Card,
CC,170,B3,3258,M,,FALSE,FALSE,0,0,0,0,0,No,FALSE,,1,NA,No Card,No show
SBS,170,R1,5587,M,1,FALSE,FALSE,2,0,0,0,0,No,FALSE,,1,1,No Card,
AZ,170,B2,449,F,,FALSE,FALSE,15,10,4,6,7,No,FALSE,,5,NA,No Card,
JB,170,B1,4099,C,3,FALSE,FALSE,9,3,1,5,8,No,FALSE,"2,3",5,NA,No Card,
HR,170,R2,11415,C,3,FALSE,FALSE,10,7,3,5,5,No,FALSE,"1,6",5,NA,No Card,
AM,170,R3,1727,F,3,FALSE,FALSE,10,9,3,5,0,No,FALSE,"1,2,6",4,NA,No Card,
AZ,171,B2,8590,M,,FALSE,FALSE,0,6,2,0,5,No,FALSE,"4,5",1,NA,No Card,"Could not intake, only played defense, didn41391t move during auto"
CC,171,B3,5724,F,,FALSE,FALSE,0,4,0,0,6,No,FALSE,,1,2,No Card,
AW,171,R1,836,C,3,FALSE,FALSE,10,8,2,7,0,No,FALSE,"1,2,6",4,NA,No Card,"Pretty good shooting into the hub while intaking and moving, as long as moving slow"
EC,171,B1,2068,C,3,FALSE,FALSE,0,6,0,0,0,No,FALSE,"4,2",1,NA,No Card,Seems intake is malfunctioning also kind of defended against his own team
AM,171,R3,1262,M,,FALSE,FALSE,0,7,1,2,0,No,FALSE,6,3,NA,No Card,
HR,171,R2,5338,F,3,FALSE,FALSE,7,5,0,7,0,No,FALSE,6,5,NA,No Card,
CC,172,B3,3939,C,3,FALSE,FALSE,10,6,0,4,8,No,FALSE,"2,6",4,NA,No Card,
EC,172,B1,1629,F,3,FALSE,FALSE,20,6,1,3,8,No,FALSE,"1,2",1,NA,No Card,Intake stopped
JD,172,R1,10224,M,,FALSE,FALSE,3,0,5,5,2,No,FALSE,6,3,NA,No Card,
HR,172,R2,2377,F,3,FALSE,FALSE,4,8,2,2,5,No,FALSE,"2,1,6",1,NA,No Card,Slow shooter
AZ,172,B2,11425,M,,FALSE,FALSE,2,3,5,0,1,No,FALSE,"4,5",2,NA,No Card,
AM,172,R3,4472,C,3,FALSE,FALSE,4,8,0,2,6,No,FALSE,"1,2,6",4,NA,No Card,
CC,173,B3,9033,C,3,FALSE,FALSE,0,9,0,2,3,No,FALSE,"2,3",3,NA,No Card,
AZ,173,B2,401,F,3,TRUE,FALSE,14,0,3,3,9,No,FALSE,1,4,NA,No Card,"Energy issues, wield driving at the end, the hopper is bent"
EC,173,B1,620,M,,FALSE,FALSE,0,6,0,3,7,No,FALSE,"2,6",4,NA,No Card,No auto and somehow got out weighted by 888
JD,173,R1,1908,C,3,FALSE,FALSE,5,3,2,6,0,No,FALSE,"2,6,1",5,NA,No Card,Can shoot while intaking?
HR,173,R2,888,F,3,FALSE,FALSE,12,9,1,0,0,No,FALSE,"2,5",4,NA,No Card,
AM,173,R3,2537,M,,FALSE,FALSE,5,10,0,4,0,No,FALSE,"2,6",3,NA,No Card,
EC,174,B1,5549,F,3,FALSE,FALSE,5,1,7,4,8,No,FALSE,"6,1",4,NA,No Card,Struggles to fully empty hopper
JD,174,R1,5243,M,,FALSE,FALSE,0,0,5,3,3,No,FALSE,2,3,NA,No Card,
HR,174,R2,2106,F,3,TRUE,FALSE,16,5,1,5,0,No,FALSE,"1,2,6",5,NA,No Card,
AM,174,R3,3361,M,,FALSE,FALSE,0,7,1,0,4,No,FALSE,"6,3,2",1,"2,4,3",No Card,
CC,174,B3,8592,C,3,TRUE,FALSE,6,0,8,3,3,No,FALSE,"2,6",4,NA,No Card,
AZ,174,B2,2421,C,,FALSE,FALSE,0,20,2,0,0,No,FALSE,,4,NA,No Card,No intake
EC,175,B1,10004,C,3,FALSE,FALSE,7,6,0,4,4,No,FALSE,"1,2",3,NA,No Card,Good turret system but the actual shooter struggles to pull fuel out of hopper
AM,175,R3,3748,F,3,FALSE,FALSE,11,8,1,3,7,No,FALSE,"2,6,3",4,NA,No Card,
JD,175,R1,11318,M,,FALSE,FALSE,0,2,1,3,0,No,FALSE,"2,6",3,NA,No Card,Shooter got bent?
CL,175,R2,1389,C,3,TRUE,FALSE,6,0,4,3,2,No,FALSE,"2,6",2,NA,No Card,
CC,175,B3,4541,M,1,FALSE,FALSE,2,7,3,1,3,No,FALSE,"2,1,6,3",5,NA,No Card,
BP,175,B2,614,F,3,TRUE,FALSE,10,0,6,4,7,No,FALSE,"6,2",4,NA,No Card,Large hopper but empties quickly
BP,176,B2,1727,F,3,FALSE,FALSE,12,8,0,3,0,No,FALSE,1,4,NA,No Card,
AM,176,R3,449,F,3,TRUE,FALSE,20,10,2,5,6,No,FALSE,"1,2,6",5,NA,No Card,GOAT.?
CL,176,R2,10679,M,,FALSE,FALSE,5,5,0,0,0,No,FALSE,"2,4,5",4,NA,No Card,
JD,176,R1,3136,C,3,FALSE,FALSE,0,2,4,4,4,No,FALSE,"2,6",4,NA,No Card,
EC,176,B1,1111,C,,FALSE,FALSE,0,4,0,2,4,No,FALSE,2,3,NA,No Card,
CC,176,B3,1895,M,,FALSE,FALSE,2,6,0,1,4,L1,FALSE,2,2,NA,No Card,Help HP
EC,177,B1,5338,C,3,TRUE,FALSE,16,7,0,7,2,No,FALSE,"2,6",3,NA,No Card,
CC,177,B3,540,F,3,FALSE,FALSE,20,10,0,4,3,No,FALSE,"4,2,6",5,NA,No Card,
JD,177,R1,619,M,,FALSE,FALSE,0,7,3,2,0,No,FALSE,"2,3,4",3,2,No Card,
AM,177,R3,836,C,3,FALSE,FALSE,13,9,5,8,0,No,FALSE,"2,3,6",5,NA,No Card,
BP,177,B2,1719,M,,FALSE,FALSE,2,10,6,0,0,No,FALSE,"4,2",3,4,No Card,Can41391t shoot? Only defensive and support
CL,177,R2,4099,F,3,FALSE,FALSE,10,7,0,3,0,No,FALSE,"4,2,6",3,NA,No Card,Turret stopped working so they played defense. Worked a little after
EC,178,B1,2377,M,1,FALSE,FALSE,8,4,0,4,9,No,FALSE,6,3,NA,No Card,
JD,178,R1,4472,F,3,FALSE,FALSE,5,3,1,5,0,No,FALSE,"1,6",3,NA,No Card,
CL,178,R2,2068,M,,FALSE,FALSE,4,7,0,3,0,No,FALSE,"2,3,4",4,NA,No Card,
AM,178,R3,5804,C,3,TRUE,FALSE,2,0,5,0,9,No,FALSE,"1,2,6",3,NA,No Card,
CC,178,B3,122,F,3,TRUE,FALSE,20,2,6,4,6,No,FALSE,"2,6",3,NA,No Card,
BP,178,B2,1262,C,3,TRUE,FALSE,0,7,1,3,3,No,FALSE,"2,6",2,NA,No Card,Slow shooting and shot lineup
CC,179,B3,2890,F,2,FALSE,TRUE,10,1,5,2,3,No,FALSE,"2,1",2,3,No Card,
EC,179,B1,346,C,3,TRUE,FALSE,10,0,6,5,4,No,FALSE,"2,1",4,NA,No Card,
MY,179,R2,3939,M,3,FALSE,FALSE,11,8,0,2,3,No,FALSE,,3,NA,No Card,Made like 15 percent of shots
AM,179,R3,9033,M,,FALSE,FALSE,0,5,5,2,0,No,FALSE,"2,4,6",4,NA,No Card,
JD,179,R1,9072,F,3,TRUE,FALSE,8,2,2,2,0,No,FALSE,,1,1,No Card,Intake broke and then stoped moving
MH,179,B2,11415,F,3,FALSE,FALSE,5,4,4,2,9,No,FALSE,"1,2",4,NA,No Card,"forgot to run intake on second auto pass, shooter jammed in endgame"
EC,180,B1,8590,M,,FALSE,FALSE,0,7,0,0,0,No,FALSE,"2,5,4",4,NA,No Card,"Shooter failed, played defense"
AM,180,R3,5587,M,,FALSE,FALSE,0,0,0,0,0,No,FALSE,,2,NA,No Card,
CC,180,B3,1629,C,3,FALSE,FALSE,10,5,3,5,4,No,FALSE,"2,1,3,6",4,NA,No Card,
MH,180,B2,2537,F,3,FALSE,FALSE,0,1,0,0,2,No,FALSE,"5,2",3,1,No Card,"neutral auto hit opponent, a-stopped (intake no balls), died for like half the match, mid defense, shot their preload at the end of the match??"
JD,180,R1,2199,C,3,FALSE,FALSE,2,7,0,1,0,No,FALSE,6,1,1,No Card,
RY,180,R2,1908,F,3,TRUE,FALSE,13,0,6,5,3,No,FALSE,"1,6",5,NA,No Card,"Got defended in the trenches, could only go over bump for the entire game. Very high passsing arc from NZ to AZ. Shooting on the move is a little wonky"
JD,181,R1,620,M,,FALSE,FALSE,4,0,8,3,5,No,FALSE,6,3,NA,No Card,
CC,181,B3,422,C,3,FALSE,FALSE,11,2,7,4,6,No,FALSE,"1,2",4,NA,No Card,
EC,181,B1,10224,M,,FALSE,FALSE,10,0,6,3,1,No,FALSE,6,3,NA,No Card,Funneling system needs work
AM,181,R3,5724,C,,FALSE,FALSE,0,4,0,0,7,No,FALSE,"2,6",2,NA,No Card,
BP,181,B2,888,F,,FALSE,FALSE,6,4,0,4,0,No,FALSE,"6,2",4,NA,No Card,
RY,181,R2,686,F,3,TRUE,FALSE,10,6,2,5,7,No,FALSE,"3,6,2,1",3,NA,No Card,Something weird happened with their auto where they went for a second cycle but did41391t shoot and went right back to NZ. Straight line thief into OZ.
AM,182,R3,3258,F,,FALSE,FALSE,0,0,0,0,0,No,FALSE,,1,5,No Card,
EC,182,B1,1731,F,3,FALSE,FALSE,18,8,0,5,6,No,FALSE,2,4,NA,No Card,Literally fried at the end
BP,182,B2,401,C,3,TRUE,FALSE,10,5,2,4,0,No,FALSE,"4,5,6,3,2",4,NA,No Card,
NS,182,R2,1086,F,3,TRUE,FALSE,17,0,5,2,3,No,FALSE,"6,1",3,NA,No Card,"Shooter got stuck. In the middle of match, attempted passing but briefly"
CC,182,B3,339,M,,FALSE,FALSE,2,3,3,0,2,No,FALSE,"2,3",3,NA,No Card,
JD,182,R1,11425,M,,FALSE,FALSE,0,3,1,0,0,No,FALSE,2,2,NA,No Card,
NS,183,R2,3136,F,3,TRUE,FALSE,20,9,1,5,0,No,FALSE,"3,6",4,NA,No Card,
JD,183,R1,614,C,3,TRUE,FALSE,8,0,6,4,7,F,FALSE,"1,6,2",4,NA,No Card,
CC,183,B3,4099,F,3,FALSE,FALSE,10,4,6,3,6,No,FALSE,"3,6",4,NA,No Card,
AM,183,R3,1895,M,,FALSE,FALSE,5,4,4,0,7,No,FALSE,"4,5",3,NA,No Card,
EC,183,B1,3361,M,,FALSE,FALSE,5,4,0,1,1,No,FALSE,"5,4,2",1,NA,No Card,Slow and mostly ineffective at defense. Dead for first 10 seconds. Also decided to feed the other teams Human Players fuel.
BP,183,B2,5338,C,3,FALSE,FALSE,7,3,1,5,0,No,FALSE,"2,6",3,NA,No Card,
CC,184,B1,11318,C,3,FALSE,FALSE,5,5,0,1,1,No,TRUE,"2,6",2,NA,No Card,
HR,184,R1,1719,M,,FALSE,FALSE,5,8,0,0,0,No,FALSE,"5,4",4,NA,No Card,
AM,184,R3,2377,F,"3,1",FALSE,FALSE,1,3,1,0,0,No,FALSE,"6,2",4,NA,No Card,
JD,184,R2,449,C,3,TRUE,FALSE,10,6,4,4,6,No,FALSE,"6,1,3",5,NA,No Card,
MC,184,B2,10679,M,2,FALSE,FALSE,3,10,0,0,2,No,FALSE,"2,4,5",4,NA,No Card,Played pretty?
BP,184,B3,1262,F,3,TRUE,FALSE,0,3,1,1,6,No,FALSE,6,3,3,No Card,"Ca41391t fully empty hopper, slow shooting"
AM,185,R3,122,F,3,TRUE,FALSE,17,6,8,4,0,No,FALSE,6,5,NA,No Card,
AZ,185,B2,4541,M,,FALSE,FALSE,6,7,2,0,2,No,FALSE,2,1,NA,No Card,Could not intake well or index into turret
BP,185,B3,3748,F,3,FALSE,FALSE,12,8,4,4,4,No,FALSE,"6,4,2,1",3,4,No Card,"Good speed to transition from offense to defense, sometimes undershot"
JD,185,R2,2068,M,,FALSE,FALSE,5,4,4,2,4,No,FALSE,"2,6,3",4,NA,No Card,
HR,185,R1,540,C,3,FALSE,FALSE,10,6,0,5,0,No,FALSE,"2,6",4,NA,No Card,
CC,185,B1,9033,C,,FALSE,FALSE,7,6,2,0,0,No,FALSE,"4,3",2,NA,No Card,
AM,186,R3,619,C,3,FALSE,FALSE,0,3,2,6,0,No,FALSE,"2,6",3,NA,No Card,
JD,186,R2,2890,M,,FALSE,TRUE,5,0,4,1,0,L1,FALSE,"2,6",4,NA,No Card,Hopper broke?
HR,186,R1,1629,F,3,FALSE,FALSE,18,8,2,3,0,No,FALSE,"2,6",4,NA,No Card,
AZ,186,B2,5243,F,,FALSE,FALSE,2,4,4,0,0,No,FALSE,2,2,NA,No Card,"Attempted auto climb did not work, robot has trouble shooting"
BP,186,B3,1111,M,,FALSE,FALSE,2,10,0,0,4,No,FALSE,"6,4",2,NA,No Card,"Never back to AZ in time to shoot, shot on inactive hub"
CC,186,B1,2537,C,3,FALSE,FALSE,10,5,0,1,3,No,FALSE,"5,2",3,NA,No Card,
HR,187,R1,8592,F,3,TRUE,FALSE,10,0,5,5,0,No,FALSE,"1,2,6",4,NA,No Card,Shoots on the move very well
AM,187,R3,5804,M,,FALSE,FALSE,0,0,3,0,0,No,FALSE,,3,1,No Card,"Played defense, bumper fell off.?"
BP,187,B3,1389,F,3,TRUE,FALSE,2,0,4,4,3,No,FALSE,"6,2",3,NA,No Card,Long line up time but fast-ish shooting
AZ,187,B2,10224,C,3,TRUE,FALSE,0,0,6,1,6,No,FALSE,6,2,NA,No Card,"Broken auto, indexer is not good enlightening to index without the driver moving back and forth"
BH,187,R2,1727,C,3,FALSE,FALSE,8,4,3,5,1,No,FALSE,1,4,NA,No Card,
CC,187,B1,620,M,,FALSE,FALSE,0,0,4,1,6,No,FALSE,2,3,NA,No Card,
AM,188,R3,1086,M,1,FALSE,FALSE,5,0,14,3,0,No,FALSE,,4,3,No Card,
BP,188,B3,11415,M,1,FALSE,FALSE,3,9,3,3,6,No,FALSE,"6,4",3,NA,No Card,
HR,188,R1,888,F,3,FALSE,FALSE,17,9,1,3,4,No,FALSE,"2,6",3,NA,No Card,
BH,188,R2,836,C,3,FALSE,FALSE,1,4,1,7,2,No,FALSE,1,4,NA,No Card,Slow move and shoot + can shoot anywhere
AZ,188,B2,2199,F,3,FALSE,FALSE,3,12,0,7,2,No,FALSE,"2,6,3",5,NA,No Card,
CC,188,B1,422,C,3,TRUE,FALSE,6,5,3,0,7,No,FALSE,"2,4",4,NA,No Card,
HR,189,R1,3939,C,,FALSE,FALSE,0,2,0,0,0,No,FALSE,"2,6",2,1,No Card,Auto got stuck on trench
AZ,189,B2,686,C,3,FALSE,FALSE,18,10,2,2,6,No,FALSE,"6,2,1",4,NA,No Card,
BP,189,B3,1731,F,3,FALSE,FALSE,15,9,0,5,6,No,FALSE,"6,2,5",4,NA,No Card,
AM,189,R3,4472,M,,FALSE,FALSE,2,6,2,4,5,No,FALSE,,1,NA,No Card,
CC,189,B1,2421,M,,FALSE,FALSE,2,6,2,0,7,No,FALSE,"4,5,2",4,NA,No Card,
BH,189,R2,401,F,3,TRUE,FALSE,20,0,4,2,5,No,FALSE,"3,1",3,1,No Card,They died halfway through made like 4 balls in auto and maybe 20 percent in tele-op
AM,190,R3,11425,M,,FALSE,FALSE,5,7,2,0,0,No,FALSE,"2,6",1,2,No Card,
BP,190,B3,3258,M,,FALSE,FALSE,0,3,0,0,0,No,FALSE,,1,1,No Card,"Did41391t do an auto, died in teleop"
AD,190,B2,1908,F,3,TRUE,FALSE,10,7,4,8,3,No,FALSE,"1,2,6",4,NA,No Card,
BH,190,R2,5724,C,,FALSE,FALSE,3,2,0,1,2,No,FALSE,,2,NA,No Card,Intake hella slow also they like depot also accuracy is pretty bad. Also either really bad or no inactive strategy?
CC,190,B1,9072,C,3,FALSE,FALSE,18,0,9,3,7,No,FALSE,"6,2",4,NA,No Card,
HR,190,R1,5549,F,3,TRUE,FALSE,0,2,4,5,0,No,FALSE,"1,6",4,NA,No Card,
HR,191,R1,339,C,3,FALSE,FALSE,2,6,3,0,0,No,FALSE,"4,2",3,NA,No Card,
AZ,191,B2,5587,C,,FALSE,FALSE,0,7,0,0,0,No,FALSE,2,2,NA,No Card,?No intaking and no auto
AM,191,R3,10004,F,3,FALSE,FALSE,10,4,1,5,0,No,FALSE,"1,2,6",3,NA,No Card,Inconsistent feeding.?
BH,191,R2,346,M,3,TRUE,FALSE,8,0,6,3,8,No,FALSE,6,4,NA,No Card,Browned out toward the end
BP,191,B3,2106,F,3,FALSE,FALSE,18,3,2,6,5,No,TRUE,"2,1,3,6",5,NA,No Card,Great shoot-on-move and feeding put them shooting all active period
CC,191,B1,8590,M,,FALSE,FALSE,1,2,0,0,6,No,FALSE,,1,NA,No Card,"No inactive strategy, garbage driver"
AM,192,R3,10679,C,,FALSE,FALSE,0,2,0,0,0,No,FALSE,4,2,4,No Card,Controller disconnected
HR,192,R1,1629,F,3,FALSE,FALSE,10,9,3,6,0,No,FALSE,"2,1,6,3",5,NA,No Card,
BP,192,B3,4099,F,3,TRUE,FALSE,10,5,5,5,3,No,FALSE,"3,2,6",5,NA,No Card,
BH,192,R2,1895,M,,FALSE,FALSE,4,1,1,0,0,No,FALSE,,2,1,No Card,Died like 40 segundos into the match
CC,192,B1,122,C,3,TRUE,FALSE,10,3,1,4,3,No,FALSE,"6,2",4,NA,No Card,
AD,192,B2,2890,M,1,FALSE,FALSE,8,0,5,3,0,L1,TRUE,"6,2",3,2,No Card,"Not trench capable, kinda slow (maybe weak drive train)"
AZ,193,B2,9033,M,,FALSE,FALSE,0,0,3,0,0,No,FALSE,,2,1,No Card,No auto movement
CC,193,B1,1262,C,3,FALSE,FALSE,10,7,0,2,4,No,FALSE,2,3,NA,No Card,
HR,193,R1,3748,C,3,FALSE,FALSE,3,6,2,5,0,No,FALSE,"1,2,6",4,NA,No Card,
Ashwin,193,R2,8592,F,3,TRUE,FALSE,8,0,11,5,5,No,FALSE,1,4,NA,No Card,Good bump. Also I hate IRI scouting >:((((((
AM,193,R3,620,M,,FALSE,FALSE,5,0,6,2,0,No,FALSE,6,3,NA,No Card,"Massive hopper, can only shoot directly in front of the hub.?"
BP,193,B3,619,F,3,FALSE,FALSE,12,10,0,5,1,No,FALSE,"1,6,3",3,NA,No Card,"Shot well, prepared effectively for active shift"
HR,194,R1,2537,F,3,FALSE,FALSE,0,2,0,0,0,No,FALSE,"2,4,5",3,NA,No Card,
AM,194,R3,5338,C,3,TRUE,FALSE,20,8,0,7,0,No,FALSE,"2,6",4,NA,No Card,
CC,194,B1,11415,F,3,FALSE,FALSE,4,4,0,2,4,No,FALSE,"2,6",5,NA,No Card,
BP,194,B3,10224,M,,FALSE,FALSE,2,0,6,3,7,No,FALSE,"6,2",2,3,No Card,Tippy
AD,194,B2,1086,C,3,TRUE,FALSE,5,0,7,5,4,No,FALSE,"2,6",3,NA,No Card,"Kept hitting 11415, bad communication?"
Ashwin,194,R2,4541,M,,FALSE,FALSE,3,2,3,2,9,No,FALSE,6,3,NA,No Card,Tends to shoot near tower. Frank the prankster gangster
BP,195,B3,888,C,3,FALSE,FALSE,15,2,4,2,4,No,FALSE,"6,2",3,NA,No Card,Browning out later in the matches
AM,195,R3,449,F,3,TRUE,FALSE,16,13,2,1,4,No,FALSE,"6,3,4",5,NA,No Card,GOATED. Intake broke.?
CC,195,B1,4472,M,1,FALSE,FALSE,5,8,1,0,6,No,FALSE,1,4,NA,No Card,
AZ,195,B2,1731,F,,FALSE,FALSE,16,9,0,4,7,No,FALSE,2,5,NA,No Card,
HR,195,R1,836,C,3,FALSE,FALSE,10,4,2,7,0,No,FALSE,"1,6",5,NA,No Card,
Ashwin,195,R2,11318,M,,FALSE,FALSE,2,4,1,2,5,No,FALSE,2,4,NA,No Card,
HR,196,R1,3258,M,,FALSE,FALSE,0,1,0,0,0,No,FALSE,,2,1,No Card,
AM,196,R3,401,F,3,TRUE,FALSE,15,8,0,3,0,No,FALSE,"1,2,6",4,NA,No Card,
AZ,196,B2,5243,F,,FALSE,FALSE,0,2,2,2,0,No,FALSE,,3,NA,No Card,?Weird movement and basically no auto action
CC,196,B1,422,C,3,TRUE,FALSE,10,6,0,1,0,No,FALSE,"4,2",4,NA,No Card,
BP,196,B3,2068,M,,FALSE,FALSE,2,4,0,0,5,No,FALSE,"6,2",1,NA,No Card,Moving very slowly at the end
MC,196,R2,3136,C,2,FALSE,FALSE,18,10,0,7,4,No,FALSE,2,4,NA,No Card,
CC,197,B1,5587,M,1,FALSE,FALSE,4,6,0,2,2,No,FALSE,"2,4,1",1,NA,No Card,
MC,197,R2,9072,C,2,FALSE,FALSE,17,6,3,2,4,No,FALSE,"2,6,1",4,NA,No Card,Intake fried?
AZ,197,B2,2377,C,3,FALSE,FALSE,11,6,0,3,5,No,FALSE,2,4,NA,No Card,
BP,197,B3,10004,F,3,FALSE,FALSE,5,8,2,2,2,No,FALSE,4,2,NA,No Card,
RY,197,R1,3361,M,,FALSE,FALSE,0,8,0,0,0,No,FALSE,"4,5,2",1,NA,No Card,does NOT know what they're doing.? Literally blocks their own alliance and messes them up. Spun in a circle for like five seconds. Goes into OZ during inactive and blocks alliance during active.
AM,197,R3,2421,F,,FALSE,FALSE,0,7,5,0,0,No,FALSE,2,3,NA,No Card,Had swerve issues.?
MC,198,R2,5724,F,,FALSE,FALSE,0,0,0,0,0,No,FALSE,,1,5,No Card,
AM,198,R3,1719,C,3,FALSE,FALSE,0,5,1,0,0,No,FALSE,2,3,NA,No Card,
CC,198,B1,1727,M,1,FALSE,FALSE,4,5,1,1,2,No,FALSE,"1,6",4,NA,No Card,
BP,198,B3,346,F,3,TRUE,FALSE,2,0,8,6,0,No,FALSE,"2,6",4,NA,No Card,Surprisingly fast intaking and unloading for such a large hopper
AD,198,B2,2106,C,3,TRUE,FALSE,18,7,4,10,2,No,FALSE,"1,6",5,NA,No Card,"Really really good accuracy and shoot on the move, consistently shot while driving. Across the whole zone and made every one"
MY,198,R1,614,F,3,TRUE,FALSE,8,0,7,5,6,L1,FALSE,"2,6",3,NA,No Card,"shooter got jammed, lots of fuel scored. They seemed a little bit lost in the nz sometimes, but tey were mostly on top of it . mostly soloed this match."
EC,199,R1,540,C,3,FALSE,FALSE,7,6,1,5,2,No,FALSE,"2,3",4,NA,No Card,
AM,199,R3,686,F,3,TRUE,FALSE,18,8,2,5,0,No,FALSE,"1,2,6",4,NA,No Card,Good drum shooter.?
BP,199,B3,339,F,,FALSE,FALSE,0,8,0,0,0,No,FALSE,"4,2",1,NA,No Card,Weird RSL twitch brownouts; could barely move after a while
AD,199,B2,1908,F,3,TRUE,FALSE,10,10,2,10,7,No,FALSE,"1,2,3,6",4,NA,No Card,
FL,199,B1,5549,C,3,TRUE,FALSE,8,1,5,3,6,No,FALSE,"2,6",4,NA,No Card,
MC,199,R2,5804,M,2,FALSE,FALSE,3,0,7,0,0,No,FALSE,"5,4",4,NA,No Card,Decent defense ok
BP,200,B3,1389,C,3,TRUE,FALSE,5,0,2,3,2,No,FALSE,6,2,NA,No Card,"Mostly stayed in the AZ, mediocre bps"
MC,200,R2,11425,F,2,FALSE,FALSE,3,6,2,0,4,No,FALSE,"2,5,3",4,NA,No Card,Gives lots of bulldozer balls gives ball to hip
JB,200,R1,1111,C,2,FALSE,FALSE,1,0,0,0,0,No,FALSE,2,1,NA,No Card,Coul41391ve picked up balls better
AM,200,R3,8590,M,,FALSE,FALSE,0,5,0,2,3,No,FALSE,"2,6",2,NA,No Card,Do41391t have left and right autos. Can41391t shoot full hopper.
AZ,200,B2,2199,F,3,FALSE,FALSE,19,9,1,5,7,No,FALSE,,4,NA,No Card,
FL,200,B1,3939,M,1,FALSE,FALSE,6,6,0,1,7,No,FALSE,6,3,NA,No Card,Lowk intakes slowly rip goat?
MY,201,R1,3748,F,1,FALSE,FALSE,9,5,3,2,6,No,FALSE,"1,3,4",4,4,No Card,stole from oz and passed it to nz.
BP,201,B3,4541,M,,FALSE,FALSE,2,7,2,2,3,No,FALSE,"6,2",3,NA,No Card,
SZ,201,R3,888,F,3,TRUE,FALSE,15,8,0,2,0,No,FALSE,"6,4,3",4,NA,No Card,Intake/shoot broken?
EC,201,R2,5338,C,3,TRUE,FALSE,20,7,2,4,2,No,FALSE,2,3,1,No Card,The lights flashing but no on41391s home (endgame)
AZ,201,B2,449,F,,FALSE,FALSE,0,9,3,4,8,No,FALSE,,5,NA,No Card,At the last few seconds there were issues with indexing or in intaking
FL,201,B1,1629,C,3,FALSE,FALSE,16,2,0,3,4,No,FALSE,6,2,NA,No Card,I migh41391ve f ed up. 449 capturing my attention
AM,202,R3,2537,C,3,FALSE,FALSE,10,16,0,0,0,No,FALSE,"4,2",4,NA,No Card,Only played defense.?
AD,202,R2,122,F,3,TRUE,FALSE,16,4,4,6,4,No,FALSE,"2,6",3,NA,No Card,Outtakes balls into their side
CC,202,B1,8592,M,,FALSE,FALSE,2,0,10,2,7,No,FALSE,"1,6",4,NA,No Card,
BP,202,B2,836,C,3,FALSE,FALSE,7,4,4,3,8,No,FALSE,"1,6,4",3,NA,No Card,Got stuck with another robot in auto
DK,202,R1,3258,C,,FALSE,FALSE,0,3,0,0,1,No,FALSE,"4,2",1,NA,No Card,Not a real contributor to their alliance. Roamed around for the majority of the match. Poor defense job.
DK,202,B3,3136,F,3,FALSE,FALSE,6,0,1,1,7,No,FALSE,"3,6,2",4,NA,No Card,Good at filling hopper. Average speed throughout match.
CC,203,B1,620,M,1,FALSE,FALSE,3,0,12,0,0,No,FALSE,"2,4",2,NA,No Card,
AM,203,R3,1731,F,"3,1",FALSE,FALSE,13,6,0,6,0,No,FALSE,"6,2",4,NA,No Card,
AD,203,R2,11415,C,3,FALSE,FALSE,15,5,1,7,5,No,FALSE,"1,2,6",4,NA,No Card,
AZ,203,R1,2068,M,,FALSE,FALSE,0,11,1,1,6,No,FALSE,"4,5",3,NA,No Card,Very poor indexing?
MC,203,B3,2890,F,2,TRUE,TRUE,10,0,12,3,4,L1,FALSE,"6,1",3,NA,No Card,Intake fried
BP,203,B2,2421,C,3,FALSE,FALSE,3,14,0,1,4,No,FALSE,"4,5,2",3,NA,No Card,Good herding and ok defense
AM,204,R3,4099,F,3,TRUE,FALSE,8,5,3,3,0,No,FALSE,"2,6,4",5,NA,No Card,
MC,204,R2,5243,C,2,FALSE,TRUE,3,0,10,5,6,No,FALSE,"2,6",4,NA,No Card,
BP,204,B2,346,F,3,TRUE,FALSE,7,0,5,4,3,No,FALSE,"6,2",4,NA,No Card,
AZ,204,R1,11318,M,,FALSE,FALSE,0,9,3,0,5,No,FALSE,"4,5",2,NA,No Card,
RY,204,B3,10224,C,,TRUE,FALSE,6,0,5,3,0,No,FALSE,6,2,NA,No Card,They have such a big hopper but are unable to empty it entireley. They need atleast like 10 seconds to shoot 3/4 of hopper. Bump robbot only. Good design with turret but just tooooo slow.
CC,204,B1,5724,M,,FALSE,FALSE,0,3,0,0,0,No,FALSE,,3,1,No Card,
RY,205,B3,1262,C,3,TRUE,FALSE,2,0,6,4,0,No,FALSE,"4,6,3,2,5",4,NA,No Card,"Drives really fast, even ruthlessly. Takes too long to aim to shoot. Really good driver on a mid robot. Can only shoot in the center infront of hub. Tries too hard to do everything bruh."
AM,205,R3,5587,M,,FALSE,FALSE,5,0,6,0,0,No,FALSE,"4,5",4,NA,No Card,
BP,205,B2,540,F,3,FALSE,FALSE,9,4,4,4,7,No,FALSE,"4,6",4,NA,No Card,Good defense
AZ,205,R1,9072,F,,TRUE,FALSE,19,5,7,4,6,No,FALSE,,5,NA,No Card,Opponents played good defense?
AD,205,R2,686,C,3,FALSE,FALSE,10,8,1,6,0,No,FALSE,"2,6",4,NA,No Card,
CC,205,B1,3361,M,,FALSE,FALSE,0,10,0,1,1,No,FALSE,"1,2,3",3,NA,No Card,
AM,206,R3,401,F,3,TRUE,FALSE,9,6,0,2,7,No,FALSE,"2,6",4,NA,No Card,
MC,206,R2,8590,M,2,FALSE,FALSE,3,11,0,2,6,No,FALSE,"3,5,4",4,NA,No Card,Ok defense
BP,206,B2,619,F,3,FALSE,FALSE,8,5,1,4,5,No,FALSE,"6,2",3,NA,No Card,Good reverse intake feeding
AZ,206,R1,1389,M,,FALSE,FALSE,2,0,4,1,8,No,FALSE,6,1,NA,No Card,"Bad indexing, poor output, limited mobility?"
MH,206,B3,10679,M,,FALSE,FALSE,2,8,0,0,0,No,FALSE,"4,5",2,NA,No Card,not effective defense
CC,206,B1,5549,C,,TRUE,FALSE,20,6,3,5,0,No,FALSE,"2,6",4,NA,No Card,
MC,207,R2,1727,C,3,FALSE,FALSE,0,1,5,4,6,No,FALSE,"2,1,6",4,NA,No Card,
CC,207,B1,2106,F,3,FALSE,FALSE,10,6,2,3,3,No,FALSE,"2,1,3",5,NA,No Card,
AZ,207,R1,2377,F,,FALSE,FALSE,5,5,0,2,0,No,FALSE,6,2,1,No Card,
MH,207,B3,422,C,3,TRUE,FALSE,7,3,5,5,1,No,FALSE,"1,3,6",3,NA,No Card,
EC,207,R3,11425,M,,FALSE,FALSE,7,7,1,1,0,No,FALSE,"4,5",1,NA,No Card,Focused on defense
BP,207,B2,1111,M,,FALSE,FALSE,1,5,1,0,1,No,FALSE,"4,5",4,NA,No Card,"Good defense, able to stop movement and scoring"
JD,208,R1,339,M,,FALSE,FALSE,1,6,3,0,0,No,FALSE,"2,5",1,NA,No Card,"Not good intake, and had mediocre defense, blocking own teammates"
AD,208,R2,614,F,3,TRUE,FALSE,7,0,8,2,7,No,FALSE,"1,6",3,NA,No Card,Intake roller snapped off on one side
BP,208,B2,4472,C,3,FALSE,FALSE,9,10,0,3,7,No,FALSE,"6,4,3",3,NA,No Card,Good aim but only decent bps
EC,208,R3,2199,C,3,FALSE,FALSE,0,5,3,2,6,No,FALSE,"6,2",2,NA,No Card,Seems to have shooter issues
NY,208,B3,1719,M,,FALSE,FALSE,2,4,4,0,0,No,FALSE,"2,4,5",3,NA,No Card,Broken intake? Only shot preload
CC,208,B1,1908,F,3,TRUE,FALSE,20,9,0,4,6,No,FALSE,"1,2",3,NA,No Card,Aman glazes it way to much
EC,209,R1,5804,C,3,TRUE,FALSE,0,1,1,0,0,No,FALSE,4,3,1,No Card,Died pretty early on so driver rating is broad
LJ,209,B3,1086,C,3,TRUE,FALSE,2,0,8,2,9,No,FALSE,"6,2,1,3",3,1,No Card,"Demonstrated a wide range of strategies, timing sense a bit bad, midrange shots."
EC,209,R3,1895,M,,FALSE,FALSE,8,8,0,2,2,No,FALSE,2,3,1,No Card,S-stopped. Has climb for auto but failed?
CC,209,B1,3939,M,1,FALSE,FALSE,4,8,0,3,0,No,FALSE,"2,1",3,NA,No Card,
AD,209,R2,9033,F,3,FALSE,FALSE,0,8,0,6,6,No,FALSE,"1,2,3,6",4,NA,No Card,Very poor accuracy
BP,209,B2,10004,F,3,FALSE,FALSE,0,8,0,1,4,No,FALSE,6,2,NA,No Card,Took forever to line up a shot
EC,210,R3,11415,C,3,FALSE,FALSE,10,7,4,7,0,No,FALSE,"1,2",4,NA,No Card,
CC,210,B1,8592,F,,FALSE,FALSE,0,0,8,5,3,No,FALSE,"1,2,6",3,NA,No Card,
AZ,210,R1,4099,F,3,FALSE,FALSE,8,4,4,3,3,No,FALSE,"4,2,6",5,NA,No Card,"Low output, but very consistent?"
AD,210,R2,1629,M,,TRUE,FALSE,6,8,1,8,0,No,FALSE,"2,3,6",4,NA,No Card,
BP,210,B2,2068,C,1,FALSE,FALSE,2,10,0,1,2,No,FALSE,"4,2,6",2,NA,No Card,Slow shooting and shot lineup
NY,210,B3,11318,M,3,FALSE,FALSE,0,3,4,0,0,No,FALSE,"2,4",2,NA,No Card,Got stuck under climb at some point (I think)?
AM,211,R1,3258,C,,FALSE,FALSE,0,3,0,0,0,No,FALSE,3,1,NA,No Card,
HR,211,R2,3361,F,,FALSE,FALSE,0,3,0,1,0,No,FALSE,"2,6",1,NA,No Card,
EC,211,R3,620,M,1,FALSE,FALSE,6,0,6,1,2,No,FALSE,"6,2",3,NA,No Card,Started stuttering at the end
GL,211,B3,449,C,3,TRUE,FALSE,8,6,4,4,6,No,FALSE,1,1,NA,No Card,"Oliver MOGS them, they r not 449, but in all seriousness, they had issues with indexing balls and has a weak/missing auto, they also had a lot of trouble driving, a lot of wall contact"
BP,211,B2,122,M,1,FALSE,FALSE,3,5,5,3,2,No,FALSE,"2,6",3,NA,No Card,Coul41391ve shot rather than passing
CC,211,B1,5338,F,3,TRUE,FALSE,15,8,0,3,0,No,FALSE,"2,6,1",4,NA,No Card,
AZ,212,R1,3136,C,3,FALSE,FALSE,13,4,2,2,0,No,FALSE,1,4,NA,No Card,
BP,212,B2,1262,F,3,FALSE,FALSE,0,7,1,2,8,No,FALSE,"3,2,6",2,NA,No Card,Slow shots
HR,212,R2,2537,M,,FALSE,FALSE,3,7,0,5,6,No,FALSE,"2,6",3,NA,No Card,
EC,212,R3,346,F,3,TRUE,FALSE,8,0,8,3,8,No,FALSE,"6,2",3,NA,No Card,Slow when full hopper
CC,212,B1,8590,M,,FALSE,FALSE,2,4,0,1,4,No,FALSE,2,3,NA,No Card,
RY,212,B3,2421,C,,FALSE,FALSE,0,15,5,0,0,No,FALSE,"4,5,2",2,3,No Card,Genuinely I don41391t think they know what they41391re doing. Meaningless crossing around the field trying defend but has absolutely no impact. Did not shoot at all.? Mid herding.
BP,213,B2,5724,M,,FALSE,FALSE,2,11,0,0,0,No,FALSE,2,1,NA,No Card,Did only bulldozing
HR,213,R2,5549,F,3,TRUE,FALSE,10,3,2,5,5,No,FALSE,"1,6",5,1,No Card,
AZ,213,R1,1731,C,3,FALSE,FALSE,15,6,2,5,0,No,FALSE,"2,1",5,NA,No Card,
EC,213,R3,540,M,3,FALSE,FALSE,5,6,0,2,7,No,FALSE,6,4,NA,No Card,Seemed to have moderately damaged their intake but it managed to hold together and work (just a bit wobbly)
MY,213,B3,888,F,3,FALSE,FALSE,17,8,0,4,4,No,FALSE,,3,NA,No Card,"Preshot by a fair amount, 540 defended them pretty good for some part of the match. ?"
CC,213,B1,1727,C,3,FALSE,FALSE,11,5,4,3,4,No,FALSE,"1,2,6",4,NA,No Card,
HR,214,R2,339,M,,FALSE,FALSE,3,7,0,1,3,No,FALSE,"2,4,6",3,NA,No Card,
EC,214,R3,2106,F,3,TRUE,FALSE,18,4,1,4,7,No,FALSE,"1,2,6",3,NA,No Card,The intake lags in performance sometimes
CC,214,B1,686,C,3,FALSE,FALSE,15,10,0,4,0,No,FALSE,"1,2,3,6",4,NA,No Card,
AZ,214,R1,4541,C,,FALSE,FALSE,0,5,1,2,0,No,FALSE,2,3,NA,No Card,"Broken auto, incredibly limited hopper size, strange strategy decisions like not going into AZ during endgame"
BP,214,B2,2199,F,3,FALSE,FALSE,5,5,1,4,4,No,FALSE,"1,2,6",4,NA,No Card,Good shooting from back near the drivers and behind ladder
NS,214,B3,619,M,1,FALSE,FALSE,10,2,0,2,0,No,FALSE,"4,6",3,3,No Card,"Stuck on ball, teammate didn41391t help (686)"
AZ,215,R1,1895,C,,FALSE,FALSE,0,3,0,0,0,No,FALSE,2,1,1,No Card,"Auto didn41391t work, can41391t intake and died Immediately?"
EC,215,R3,3939,M,2,FALSE,FALSE,4,4,0,4,1,No,FALSE,"2,6",3,NA,No Card,Misses a bit
CC,215,B1,1908,C,3,TRUE,FALSE,16,9,1,6,3,No,FALSE,"1,2,3",4,NA,No Card,
HR,215,R2,422,F,3,TRUE,FALSE,0,6,6,2,0,No,FALSE,"2,6",4,NA,No Card,"Auto failed, intake broke at end"
JB,215,B3,3748,F,3,FALSE,FALSE,6,2,1,4,4,No,FALSE,"2,3,1,5",3,NA,No Card,Coul41391ve picked up balls better
BP,215,B2,10224,F,3,FALSE,FALSE,2,0,3,1,3,No,FALSE,"1,6",1,NA,No Card,Couldnt get over bump or under trench after a cycle
AD,216,B3,401,C,3,TRUE,FALSE,20,0,1,0,6,No,FALSE,,1,1,No Card,
AZ,216,R1,1389,F,,FALSE,FALSE,0,0,8,1,6,No,FALSE,6,3,NA,No Card,"No auto, missed like every shot"
AM,216,B1,1086,F,3,TRUE,FALSE,10,0,6,3,8,No,FALSE,"1,2,6",4,NA,No Card,
EC,216,R3,614,C,3,TRUE,FALSE,10,0,8,2,4,No,FALSE,"1,2,6",2,2,No Card,"Intake jammed with some type of pole, driver did not switch to defense"
HR,216,R2,2377,F,3,FALSE,FALSE,4,3,0,0,6,No,FALSE,"1,6",3,1,No Card,
BP,216,B2,2890,M,,FALSE,TRUE,2,0,3,3,1,L1,TRUE,"6,2",3,NA,No Card,Moving slowly; could easily get stuck on bump but didnt
HR,217,R2,1719,C,,FALSE,FALSE,4,2,1,0,0,No,FALSE,4,2,4,No Card,
EC,217,B3,1111,M,,FALSE,FALSE,3,5,1,0,0,No,FALSE,"2,4",2,NA,No Card,Driver seemingly indecisive
BP,217,B2,5587,F,,FALSE,FALSE,3,3,5,0,3,No,FALSE,"4,5",1,3,No Card,"Could barely intake, defense wasn41391t great"
FL,217,R1,10004,F,3,FALSE,FALSE,2,6,0,1,3,No,FALSE,6,3,NA,No Card,Shooter stuck end of match
LJ,217,B1,4472,C,3,FALSE,FALSE,8,4,0,2,2,No,FALSE,6,3,NA,No Card,"Struggled with defense, low bps when sotm. Primary scorer, played cleanup in inactive 2 and endgame"
AM,217,R3,9033,M,1,FALSE,FALSE,7,8,1,3,5,No,FALSE,"3,6,1,2",3,NA,No Card,Terrible accuracy.?
HR,218,R2,5804,F,3,TRUE,FALSE,10,0,1,0,0,No,FALSE,"2,5",4,NA,No Card,
AM,218,R3,5243,C,,FALSE,FALSE,3,2,4,2,7,No,FALSE,6,2,NA,No Card,Failed climb in auto
FL,218,R1,10679,M,,FALSE,FALSE,10,4,0,0,0,No,FALSE,4,2,NA,No Card,Kinda irrelevant defense
BP,218,B2,836,F,3,FALSE,FALSE,10,6,1,5,3,No,FALSE,"1,6",4,NA,No Card,
AD,218,B3,9072,C,3,FALSE,FALSE,10,5,2,2,4,No,FALSE,"4,6,2,3",3,NA,No Card,Went into oz and got locked up by the other 2 bots for the last 2-3 phases
BP2,218,B1,11425,M,,FALSE,FALSE,2,6,0,0,0,No,FALSE,,4,NA,No Card,
HR,219,R2,3258,F,,FALSE,FALSE,0,4,2,0,0,No,FALSE,"2,5",2,NA,No Card,
AM,219,R3,2068,M,1,FALSE,FALSE,2,11,1,0,7,No,FALSE,"6,2",3,NA,No Card,
BP,219,B2,8592,C,3,TRUE,FALSE,6,0,7,3,5,No,FALSE,"1,6",3,NA,No Card,Good passing and back row shooting
AD,219,B3,3361,F,,FALSE,FALSE,0,1,0,0,0,No,FALSE,,1,1,No Card,
EC,219,B1,346,M,,TRUE,FALSE,0,0,6,4,4,No,FALSE,"2,6",1,NA,No Card,"A-stop, brownout, very front heavy"
FL,219,R1,888,C,3,FALSE,FALSE,8,6,0,3,4,No,FALSE,"2,6",4,NA,No Card,Wait lowk they shoot so slow :(
AM,220,R3,5724,M,,FALSE,FALSE,0,10,0,0,0,No,FALSE,"4,5,2",3,NA,No Card,
HR,220,R2,1731,F,3,FALSE,FALSE,20,5,1,8,0,No,FALSE,"2,6",5,NA,No Card,
EC,220,B1,3136,F,3,FALSE,FALSE,0,5,1,3,7,No,FALSE,"3,6,2",3,4,No Card,Stuck during auto
FL,220,R1,619,C,3,FALSE,FALSE,9,5,0,4,9,No,FALSE,"2,6",4,NA,No Card,Y
BP,220,B2,1629,C,3,FALSE,FALSE,12,2,4,5,6,No,FALSE,"1,6",3,3,No Card,
AD,220,B3,2199,M,,FALSE,FALSE,3,7,1,6,0,No,FALSE,"6,2",3,NA,No Card,
HR,221,R2,5549,C,3,TRUE,FALSE,10,0,5,3,0,No,FALSE,"6,1",5,1,No Card,
EC,221,B1,1262,F,3,TRUE,FALSE,8,7,3,5,0,No,FALSE,"2,3,6",3,"3,2",No Card,
BP,221,B2,3748,,,FALSE,FALSE,0,7,5,3,7,No,FALSE,"2,6",3,NA,No Card,
AD,221,B3,3939,M,1,FALSE,FALSE,3,10,0,4,2,No,FALSE,"3,4,6,2",4,NA,No Card,
FL,221,R1,2106,F,3,TRUE,FALSE,11,0,0,5,8,No,FALSE,"2,6",4,NA,No Card,Prolly overestimated lmao dunno trench sorryyy
AM,221,R3,11318,M,,FALSE,FALSE,10,9,2,2,7,No,FALSE,"2,6",3,NA,No Card,
EC,222,B1,1389,M,,FALSE,FALSE,5,2,4,4,3,No,FALSE,6,3,NA,No Card,
FL,222,R1,449,F,3,TRUE,FALSE,11,9,3,5,3,No,FALSE,"2,6,4",5,NA,No Card,Oliver too fast for me :(
HR,222,R2,10224,M,,FALSE,FALSE,2,0,4,2,0,No,FALSE,6,3,NA,No Card,
AZ,222,B3,1908,C,3,FALSE,FALSE,16,8,0,2,6,No,FALSE,3,5,NA,No Card,
BP,222,B2,540,F,3,FALSE,FALSE,6,8,2,4,6,No,FALSE,"4,6,2",3,NA,No Card,The jack of all trades is the master of none
AM,222,R3,2537,C,3,FALSE,FALSE,3,10,0,5,0,No,FALSE,"6,2",3,NA,No Card,
AM,223,R3,2377,F,3,FALSE,FALSE,8,4,0,3,0,No,FALSE,"2,6,1",4,1,No Card,
EC,223,B1,4541,M,1,FALSE,FALSE,11,5,1,4,2,No,FALSE,"6,2",3,NA,No Card,
HR,223,R2,2890,C,1,FALSE,FALSE,1,6,0,0,0,L1,FALSE,"4,2",3,NA,No Card,
FL,223,B3,1719,C,3,TRUE,FALSE,5,2,2,0,4,No,FALSE,4,2,NA,No Card,
BP,223,B2,686,F,3,FALSE,FALSE,0,4,2,4,4,No,FALSE,"6,1,2",4,2,No Card,"Got unstuck from auto beaching quickly, filled up fully and quickly every time"
AZ,223,R1,8590,M,,FALSE,FALSE,0,8,0,0,8,No,FALSE,"4,5",1,NA,No Card,"No auto, bad defense and bad output"
HR,224,R2,620,M,,FALSE,FALSE,2,0,6,2,6,No,FALSE,6,3,1,No Card,Died at end
EC,224,B1,4472,M,1,FALSE,FALSE,10,10,0,6,2,No,FALSE,"6,2",3,NA,No Card,
AM,224,R3,1086,F,3,TRUE,FALSE,7,0,10,5,8,No,FALSE,"1,2,6",4,"2,3",No Card,
FL,224,B3,836,F,3,FALSE,FALSE,8,4,3,3,8,No,FALSE,"2,3,4,6",5,NA,No Card,Yay
BP,224,B2,10004,C,3,FALSE,FALSE,2,6,4,1,1,No,FALSE,"6,2",2,NA,No Card,Had issues shooting
AZ,224,R1,1895,C,,FALSE,FALSE,0,1,0,1,2,No,FALSE,4,3,NA,No Card,"Very limited hopper size, poor intaking, blocks alliance members, can41391t score, doesn41391t do anything but sometimes block exits"
AM,225,R3,10679,M,,FALSE,FALSE,5,8,0,0,0,No,FALSE,"2,4,6",2,NA,No Card,
EC,225,B1,4099,C,3,TRUE,FALSE,9,5,3,3,7,No,FALSE,"2,3,6",3,NA,No Card,
AZ,225,R1,11425,M,,FALSE,FALSE,0,4,4,0,0,No,FALSE,4,3,NA,No Card,"Kit bot, no auto"
BP,225,B2,5587,F,,FALSE,FALSE,3,6,6,0,7,No,FALSE,"4,2,6",2,NA,No Card,Intake worked this time
FL,225,B3,9033,M,2,FALSE,FALSE,5,2,1,0,0,No,FALSE,"4,5",3,NA,No Card,Defended 422 kinda iffy other than that
HR,225,R2,422,C,,TRUE,FALSE,10,4,6,4,0,No,FALSE,"1,2,6",3,NA,No Card,
HR,226,R2,2421,M,,FALSE,FALSE,0,4,0,0,0,No,FALSE,"2,4",4,NA,No Card,
AM,226,R3,5338,F,3,TRUE,FALSE,18,5,0,5,0,No,FALSE,"2,6",5,NA,No Card,
EC,226,B1,401,F,3,TRUE,FALSE,4,6,1,4,5,No,FALSE,"1,2,6",1,1,No Card,
FL,226,B3,5804,C,3,FALSE,FALSE,7,0,6,0,0,No,FALSE,2,2,1,No Card,Turret not calibrated (facing wrong way) also dead first 30s
AZ,226,R1,11415,C,3,FALSE,FALSE,14,3,1,4,0,No,FALSE,6,5,NA,No Card,"Great 2nd pick if poss, solid output, strong auto, decent hopper and indexer"
BP,226,B2,1111,M,,FALSE,FALSE,3,10,0,0,4,No,FALSE,"4,5,2",3,NA,No Card,"Good at preventing bots from getting into scoring position, not good at disrupting during shooting"
HR,227,R2,122,F,,TRUE,FALSE,9,6,4,5,0,No,FALSE,"6,2",4,NA,No Card,
AZ,227,R1,614,M,3,TRUE,FALSE,12,0,8,2,0,No,FALSE,5,3,NA,No Card,Intake got stuck
EC,227,B1,5243,F,,FALSE,FALSE,0,1,3,2,5,No,FALSE,"6,2",3,NA,No Card,Failed auto climb
AM,227,R3,1727,C,3,FALSE,FALSE,7,8,2,4,8,No,FALSE,"2,6",3,NA,No Card,
BP,227,B2,9072,C,3,TRUE,FALSE,16,4,8,5,8,No,FALSE,"6,2",5,NA,No Card,Great cycle times
FL,227,B3,339,M,,FALSE,FALSE,7,10,0,0,7,No,FALSE,"5,4",2,NA,No Card,Maybe shooter broke. Self defense :/
HR,228,R2,3939,C,1,FALSE,FALSE,4,9,0,4,0,No,FALSE,6,3,NA,No Card,
AM,228,R3,2106,F,3,TRUE,FALSE,16,4,1,6,1,No,FALSE,"1,6",4,NA,No Card,
EC,228,B1,540,F,3,FALSE,FALSE,10,10,2,5,9,No,FALSE,"2,3,4",4,NA,No Card,
BP,228,B2,10224,M,1,FALSE,FALSE,4,0,5,3,7,No,FALSE,"6,2",3,3,No Card,
AZ,228,R1,3258,M,3,FALSE,FALSE,3,7,3,0,0,No,FALSE,,1,NA,No Card,"No hopper extension intake did not deploy, browned out too"
FL,228,B3,1629,C,3,FALSE,FALSE,7,8,1,6,3,No,FALSE,"3,2,5",4,NA,No Card,Coook
AM,229,R3,1908,C,3,TRUE,FALSE,4,9,4,6,5,No,FALSE,"1,2,6",5,NA,No Card,
HR,229,R2,5724,M,,FALSE,FALSE,0,4,0,1,2,No,FALSE,,3,NA,No Card,
AZ,229,R1,449,F,,TRUE,FALSE,13,5,5,6,6,No,FALSE,1,5,4,No Card,"The goat, no words, just spectacular?"
BP,229,B2,8592,C,3,TRUE,FALSE,2,0,8,3,6,No,FALSE,"1,2,6",3,NA,No Card,
EC,229,B1,2377,M,1,FALSE,FALSE,5,1,3,0,0,No,FALSE,"4,5",3,1,No Card,"A-stop, possible intake issues"
FL,229,B3,619,F,3,FALSE,FALSE,9,12,0,6,5,No,FALSE,"2,5,6",3,NA,No Card,Rip matchup. Can41391t beat the goat
AM,230,R3,3748,C,3,FALSE,FALSE,5,10,4,3,5,No,FALSE,6,3,NA,No Card,
EC,230,B1,2199,M,,FALSE,FALSE,15,4,2,5,0,No,FALSE,"6,2",3,NA,No Card,
BP,230,B2,1719,M,,FALSE,FALSE,3,6,0,0,0,No,FALSE,,4,NA,No Card,Drove well for what they had. Good defense in many places and effective herding
AZ,230,R1,2068,M,,FALSE,FALSE,2,9,1,2,0,No,FALSE,4,4,NA,No Card,"Hopper is not strong, 4 bar intake, smaller hopper,"
FL,230,B3,2537,C,3,FALSE,FALSE,10,8,0,0,6,No,FALSE,"4,5",3,NA,No Card,Possibly shooterbroke?
HR,230,R2,1895,M,,FALSE,FALSE,0,4,0,1,0,No,FALSE,"4,6",3,1,No Card,It stopped and then came back a couple of times
FL,231,B3,3361,M,,FALSE,FALSE,3,6,0,0,0,No,FALSE,"2,4",2,NA,No Card,Shooter jam/broke. Drifting aimlessly
HR,231,R2,4541,M,,FALSE,FALSE,3,5,0,4,0,No,FALSE,"6,2",3,NA,No Card,
AM,231,R3,11425,F,,FALSE,FALSE,3,2,5,0,0,No,FALSE,"4,2",2,4,No Card,
EC,231,B1,10004,F,3,FALSE,FALSE,0,10,2,2,6,No,FALSE,"2,1,5",2,NA,No Card,"A-stop, driver very hesitant?"
AZ,231,R1,2890,C,2,FALSE,FALSE,6,0,6,2,5,No,FALSE,,1,NA,No Card,"Attempted climb in auto, did not work, needs improvement?"
BP,231,B2,422,C,3,TRUE,FALSE,13,2,10,6,4,No,FALSE,"6,2,1",5,3,No Card,"Good cycle times, great back row scoring"
EC,232,B1,3136,F,3,TRUE,FALSE,10,7,1,2,0,No,FALSE,"3,2",3,NA,No Card,Became unnaturally slow
AM,232,R3,836,F,3,FALSE,FALSE,10,9,4,5,7,No,FALSE,"2,1,6",5,NA,No Card,
AZ,232,R1,10679,M,,FALSE,FALSE,0,3,0,0,0,No,FALSE,4,1,NA,No Card,"No auto ca41391t shoot, only stood there and tried to block, kit bot"
FL,232,B3,5549,C,3,FALSE,FALSE,0,0,4,5,0,No,FALSE,"2,6,5",4,NA,No Card,
BP,232,B2,4472,M,1,FALSE,FALSE,3,4,2,4,3,No,FALSE,"6,2",3,3,No Card,Shoul41391ve been going through trench;surfed way too much
HR,232,R2,11415,C,,FALSE,FALSE,2,6,0,7,0,No,FALSE,"1,2,6",5,NA,No Card,
AM,233,R3,346,C,3,TRUE,FALSE,8,0,10,4,5,No,FALSE,6,4,NA,No Card,
HR,233,R2,5804,M,,FALSE,FALSE,1,0,3,0,0,No,FALSE,"1,4",3,NA,No Card,
AZ,233,R1,122,F,3,FALSE,FALSE,7,8,0,5,0,No,FALSE,"3,6",5,NA,No Card,No balls second pass for auto
EC,233,B1,1727,M,1,FALSE,FALSE,10,5,5,5,6,No,FALSE,"1,3",4,NA,No Card,
FL,233,B3,686,F,3,FALSE,FALSE,10,5,1,6,0,No,FALSE,"2,6",4,NA,No Card,Easily defendable :/
BP,233,B2,401,C,3,TRUE,FALSE,12,4,4,3,5,No,FALSE,"6,2,1,3",3,3,No Card,Got a lot of balls to their AZ
EC,234,B1,5338,C,3,TRUE,FALSE,13,8,0,5,0,No,FALSE,"2,5,6",3,NA,No Card,
HR,234,R2,339,C,3,FALSE,FALSE,6,12,0,2,0,No,FALSE,"4,6",2,NA,No Card,
BH,234,B3,614,F,3,TRUE,FALSE,7,0,3,2,3,No,FALSE,"1,2",2,2,No Card,
AM,234,R3,2421,M,,FALSE,FALSE,3,10,0,0,3,No,FALSE,6,2,NA,No Card,Shooter and indexer/feeder barely works.?
BP,234,B2,11318,M,,FALSE,FALSE,2,8,2,1,6,No,FALSE,"2,6",3,NA,No Card,So easily defended
AZ,234,R1,9033,F,3,FALSE,FALSE,0,0,0,0,0,No,FALSE,4,3,NA,No Card,Ran straight to OZ in auto and played defense the whole time
HR,235,R2,5587,M,,FALSE,FALSE,3,8,2,1,0,No,FALSE,"6,4",3,NA,No Card,
AM,235,R3,5243,C,,FALSE,FALSE,2,0,5,2,8,No,FALSE,6,2,NA,No Card,Failed auto climb?
BP,235,B2,1731,F,3,FALSE,FALSE,11,12,2,5,7,No,FALSE,"1,2,6",4,NA,No Card,Great feeding in first inactive shift
BH,235,B3,1389,F,,FALSE,FALSE,3,0,4,2,0,No,FALSE,,3,NA,No Card,
AZ,235,R1,1262,F,3,FALSE,FALSE,9,8,4,2,6,No,FALSE,3,3,NA,No Card,
EC,235,B1,1086,C,,TRUE,FALSE,9,0,6,1,0,No,FALSE,"1,4",1,4,Red,WTF BRO CHILLAX (tipped over a red robot)
AM,236,R3,1111,M,,FALSE,FALSE,1,4,0,0,0,No,FALSE,4,2,NA,No Card,
HR,236,R2,9072,F,3,TRUE,FALSE,17,1,2,0,4,No,FALSE,2,1,NA,No Card,
EC,236,B1,888,C,3,TRUE,FALSE,7,5,1,4,6,No,FALSE,"2,6",3,NA,No Card,Slow shooter (jostler not great)
AZ,236,R1,4099,C,3,FALSE,FALSE,12,6,0,3,0,No,FALSE,"2,6",5,NA,No Card,
BP,236,B2,8590,F,3,FALSE,FALSE,6,4,1,0,0,No,FALSE,"1,4,5",2,NA,No Card,Ca41391t intake? Ok defense
BH,236,B3,620,M,2,FALSE,FALSE,5,0,4,2,6,No,FALSE,6,3,NA,No Card,
BH,237,B3,2106,C,3,TRUE,FALSE,0,2,3,6,0,No,FALSE,,5,NA,No Card,
HR,237,R2,10004,F,3,FALSE,FALSE,0,4,4,1,2,No,FALSE,"6,3",3,NA,No Card,
AM,237,R3,3258,C,,FALSE,FALSE,0,9,3,0,0,No,FALSE,,4,NA,No Card,No intake.?
BP,237,B2,2537,F,,FALSE,FALSE,0,7,1,0,3,No,FALSE,"4,2",3,NA,No Card,Good herding and defense
AZ,237,R1,5724,M,,FALSE,FALSE,0,4,0,0,7,No,FALSE,,1,NA,No Card,"Bad movement, lost all its balls when indexing, could41391t really do anything"
EC,237,B1,1895,M,,FALSE,FALSE,5,2,1,0,0,No,FALSE,,1,1,No Card,Failed auto climb
BH,238,B3,11425,M,,FALSE,FALSE,2,0,3,0,0,No,FALSE,,1,2,No Card,
AZ,238,R1,2890,C,,FALSE,FALSE,0,0,3,0,7,No,FALSE,,2,NA,No Card,
EC,238,B1,619,F,3,FALSE,FALSE,10,8,0,5,2,No,FALSE,"6,2",4,NA,No Card,
AM,238,R3,2068,M,,FALSE,FALSE,2,3,3,0,4,No,FALSE,"3,4",2,"4,3",No Card,
HR,238,R2,5549,F,3,TRUE,FALSE,10,3,4,6,0,No,FALSE,"1,6",5,NA,No Card,
BP,238,B2,449,C,3,TRUE,FALSE,10,6,2,6,7,No,FALSE,"1,2,6",4,NA,No Card,Missed a couple shots
HR,239,R2,3939,M,,FALSE,FALSE,3,11,0,4,0,No,FALSE,"2,6",4,NA,No Card,
AM,239,R3,540,C,3,FALSE,FALSE,3,10,4,4,5,No,FALSE,"4,6",5,NA,No Card,
AZ,239,R1,346,F,3,FALSE,FALSE,10,0,6,2,6,No,FALSE,,3,NA,No Card,
FL,239,B3,11415,F,3,FALSE,FALSE,10,6,0,4,6,No,FALSE,"2,6",4,NA,No Card,Coul41391ve picked up balls better
EC,239,B1,122,C,,TRUE,FALSE,0,3,5,4,3,No,FALSE,5,4,NA,No Card,Shooter accuracy severely declined during endgame
BP,239,B2,4472,M,1,FALSE,FALSE,4,5,1,3,7,No,FALSE,"2,6",3,NA,No Card,
NS,255,B1,2491,F,4,TRUE,FALSE,14,0,7,3,0,No,FALSE,6,2,43,No Card,"Got slimed by c otters out of transitional period scoring, big hopper = full hopper more meaningful, kinda just wandered NZ during inactive without purpose, something broke during endgame that took them out of scoring."
NS,255,B2,4450,C,NA,FALSE,FALSE,0,0,0,0,0,No,FALSE,NA,3,1,No Card,They died on right trench and no move anymore.
LJ,255,B3,10991,M,1,FALSE,FALSE,3,1,0,0,1,No,FALSE,2,3,NA,No Card,"Scored like one ball in endgame, focused primarily on counter defense on 6665. Slower over the bump and struggled to stop ramming. Only herded once at the start, drove slowly"
NS,255,R1,8069,M,NA,FALSE,FALSE,5,5,2,2,4,No,FALSE,26,2,NA,No Card,"BPS low, so much shooting but not many full hoppers."
NS,255,R2,6665,C,NA,FALSE,FALSE,0,4,2,0,0,No,FALSE,452,4,NA,No Card,"Auto was just to get into NZ, defense only bot, somewhat lockdown D, cant prevent shots once the robot is in position"
NS,255,R3,11214,F,NA,FALSE,FALSE,0,3,0,0,7,No,FALSE,52,2,NA,No Card,"shouldnt shovel cus they are kitbot, slow movement"
NS,256,B1,5895,C,5,TRUE,FALSE,10,5,4,3,7,No,FALSE,31645,5,3,No Card,"Auto got slimed by teammate, very aggressive/thoughtful driver; likes the bump, however, didnt go under trench because bulging hopper. Passing from OZ. Intake broke after 50 seconds and played defense to end match."
BP,256,B2,2813,C,3,FALSE,FALSE,0,5,2,3,5,No,FALSE,16,2,7,No Card,"Almost always had to adjust each volley, as it was over or undershot"
LJ,256,B3,7915,M,NA,FALSE,FALSE,1,7,2,3,7,No,FALSE,316,4,NA,No Card,"Whiffed preloaded in auto. Very high arc and kinda wide and inaccurate spray. struggled to intake more than half way. Mainly passed from OZ to NZ during inactive, pretty robust when they drove under another robot"
NS,256,R1,9572,C,3,TRUE,FALSE,20,4,5,5,0,No,FALSE,16,4,2,No Card,"Aggressive driving, unintook as a form of passing. Quick cycling which was allowed by a full AZ. Good ball control and control of the NZ."
NS,256,R2,2582,F,5,TRUE,FALSE,10,4,5,4,0,No,FALSE,6,1,NA,No Card,"Not much action during inactive, attempted climb in endgame, aggressive game overall by them."
CR,256,R3,11242,M,NA,FALSE,FALSE,5,0,6,0,2,No,FALSE,23,4,NA,No Card,"Very susceptible to ramming, was never able to intake full"
AZ,257,B1,7769,C,3,FALSE,FALSE,16,12,0,5,7,No,FALSE,13,5,NA,No Card,NA
BP,257,B2,449,F,5,FALSE,FALSE,0,4,3,5,5,No,FALSE,216,3,76,No Card,Started browning out early
LJ,257,B3,6429,M,NA,FALSE,FALSE,0,1,0,0,0,No,FALSE,NA,1,21,No Card,"Didn41391t shoot preload, basically stopped moving. immediatelyafter match started"
FL,257,R1,2635,M,1,FALSE,FALSE,5,0,6,0,0,No,FALSE,12,1,NA,No Card,If you can call that passing :/
HR,257,R2,16,F,3,FALSE,FALSE,0,2,5,2,2,No,FALSE,164,3,NA,No Card,Crossed the line during auto
CR,257,R3,6487,C,56,TRUE,FALSE,10,5,3,3,3,No,FALSE,21,3,4,No Card,Got stuck on the bump in auto
AZ,258,B1,8858,C,5,FALSE,FALSE,3,8,0,2,7,No,FALSE,6,4,NA,No Card,"Low auto bps, single shooter turret"
BP,258,B2,6528,M,1,FALSE,FALSE,7,5,1,2,4,No,FALSE,16,2,NA,No Card,Used one corner of back wall primarily
LJ,258,B3,7183,F,56,TRUE,FALSE,10,8,4,5,1,No,FALSE,314,5,NA,No Card,"Single swipe trench bump auto, overshot most in auto. Very fast driving, played opportunistic defense pushing opponent through trench while stealing. Mid far shooter, liked to back up while shooting. Easily pushed around by ramming defense"
FL,258,R1,1756,M,31,FALSE,FALSE,0,4,6,5,5,No,FALSE,236,4,6,No Card,Might41391ve missed auto? I swear they did left trench tho
HR,258,R2,3931,F,3,TRUE,FALSE,8,5,2,3,0,No,FALSE,316,3,NA,No Card,"Auto got stuck on its second pass, They were defended, and had some trouble going under the tower."
CR,258,R3,1816,C,5,FALSE,FALSE,10,5,3,4,0,No,FALSE,6,3,NA,No Card,NA
AZ,259,B1,4607,C,3,FALSE,FALSE,4,8,0,4,0,No,FALSE,1,5,NA,No Card,"Double turret,"
BP,259,B2,8119,F,5,FALSE,FALSE,8,7,3,4,8,No,FALSE,NA,3,NA,No Card,NA
LJ,259,B3,4125,M,NA,FALSE,FALSE,0,5,1,0,1,No,FALSE,134,4,NA,No Card,"Had some good blocks. stopping opponents from going from NZ toOZ, filled hopper in OZ and has almost full field passing from edge of NZ. Shooter seemed to jam a bit for last cycle in end game"
FL,259,R1,2556,M,1,FALSE,FALSE,7,3,1,1,5,No,FALSE,61,3,32,No Card,Completely shutdown by 4125 def
HR,259,R2,364,C,5,FALSE,FALSE,0,2,1,2,0,No,FALSE,61,3,17,No Card,"Turret did not turn, so they a stopped, eventually died in neutral zone"
CR,259,R3,2468,F,34,TRUE,FALSE,15,6,5,9,0,No,FALSE,13,5,NA,No Card,Passed over bump
AZ,260,B1,3937,C,3,TRUE,FALSE,0,8,4,5,6,No,FALSE,134,4,NA,No Card,Turret robot  insufficient defense but good attempt
BP,260,B2,6985,F,6,TRUE,FALSE,10,0,16,4,3,No,FALSE,246,2,3,No Card,"A lot of unnecessary crossings, big hopper but only single stream"
LJ,260,B3,10034,M,1,FALSE,FALSE,1,0,6,0,0,No,FALSE,216,3,NA,No Card,"Did not actually intake anything from depot, but moved towards it. Intake is really really slow, struggled to fill at all. Very mobile, did many small herds through trench and over bump. Passing was high arc and very close to AZ"
FL,260,R1,2393,M,NA,FALSE,FALSE,8,6,0,4,7,No,FALSE,16,4,NA,No Card,Good
HR,260,R2,3501,C,6,TRUE,FALSE,15,0,8,5,4,No,FALSE,16,4,NA,No Card,High throuput
CR,260,R3,4655,F,34,TRUE,FALSE,13,12,0,2,0,No,FALSE,1346,5,NA,No Card,"Passed from OZ, driver immediately noticed when intake broke"
AZ,261,B1,5913,C,3,TRUE,FALSE,14,8,2,3,6,No,FALSE,16,4,NA,No Card,"Really fast bps heavy throughput, opponents paled strong defense and driver couldn41391t get around for a bit"
BP,261,B2,484,F,5,TRUE,FALSE,17,5,1,4,7,No,FALSE,126,4,NA,No Card,Good fast empty in auto
LJ,261,B3,4020,M,21,FALSE,FALSE,8,3,2,4,1,No,FALSE,1326,4,NA,No Card,"Had minor drive issues with about a minute left. Likes far arc corner and trench shot, near full field passing from edge of NZ"
FL,261,R1,5705,M,NA,FALSE,FALSE,0,6,0,0,0,No,FALSE,45,1,NA,No Card,Super slow
HR,261,R2,3753,F,3,FALSE,FALSE,10,8,0,6,6,No,FALSE,126,3,NA,No Card,Solo shooter
CR,261,R3,3082,C,5,FALSE,FALSE,10,4,1,1,0,No,FALSE,45,4,NA,No Card,Started defending bump immediately after auto
AZ,262,B1,1391,C,3,TRUE,FALSE,0,12,4,6,3,No,FALSE,213,5,NA,No Card,"3 ball wide fixed hooded shooter, solid bps, can outtake balls onto the bump"
BP,262,B2,5181,M,1,FALSE,FALSE,8,6,0,0,5,No,FALSE,1364,1,NA,No Card,Not great defense
LJ,262,B3,1023,F,5,FALSE,FALSE,13,10,4,3,1,No,FALSE,362,4,NA,No Card,"Intake broke with like 5 seconds left. Cleaned up along DS wall, lots of aggressive stealing on their side of the field. SOTM worked for slow movement but jammed a bit at first"
FL,262,R1,5577,M,NA,FALSE,FALSE,3,14,0,2,4,No,FALSE,13,3,NA,No Card,Slow shooter
HR,262,R2,1506,C,56,TRUE,FALSE,20,8,4,7,4,No,FALSE,136,5,NA,No Card,Good throughput and capcity
CR,262,R3,51,F,3,FALSE,FALSE,12,7,1,4,0,No,FALSE,6,3,NA,No Card,Hopper broke during endgame
AZ,263,B1,3243,C,3,FALSE,FALSE,16,18,0,5,7,No,FALSE,31,4,NA,No Card,"Multiple sweeps, 2 ball wide shooter"
BP,263,B2,2231,F,5,TRUE,FALSE,18,5,3,5,9,No,FALSE,16,4,6,No Card,Good sotm
LJ,263,B3,11417,M,NA,FALSE,FALSE,0,0,2,0,0,No,FALSE,4,2,NA,No Card,"Tank drive. Played. defense in OZ th.  entire match, could not budge 9496 while they wereshooting.Had a singular questionable block on 9496 when 9496 got stuck on top of them going over the bump, was a long stop with no pin call."
FL,263,R1,1533,M,1,FALSE,FALSE,4,1,3,0,8,No,FALSE,15,3,NA,No Card,"Possibly a minor dunno why, Def on 2231, lil slow"
HR,263,R2,10980,F,34,TRUE,FALSE,10,3,3,3,0,No,FALSE,16,4,NA,No Card,Missed some shots when shooting on the move
CR,263,R3,9496,C,56,FALSE,FALSE,18,6,6,6,0,No,FALSE,32,5,4,No Card,Pinned on bump
AZ,264,B1,7415,C,4,TRUE,FALSE,11,0,8,5,6,No,FALSE,46,4,NA,No Card,It can over do bump and begins to tip over
BP,264,B2,6201,M,NA,FALSE,FALSE,2,6,2,0,0,No,FALSE,4,1,NA,No Card,Doing nothing sometimes when opponents were shooting
LJ,264,B3,5653,F,5,FALSE,FALSE,6,14,0,3,7,No,FALSE,136,3,NA,No Card,"Far passing, at least from edge of NZ. Tried some full field passing but robot didn41391t. shoot. Likes far shots near trench andtheir DS. Occasional inaccurate spray when shooting."
FL,264,R1,614,M,NA,FALSE,FALSE,2,0,9,4,4,No,FALSE,6,4,NA,No Card,Pretty good
HR,264,R2,2590,F,3,FALSE,FALSE,0,5,0,4,5,No,FALSE,16,3,NA,No Card,Passed line in auto
CR,264,R3,4469,C,56,TRUE,FALSE,0,5,1,3,0,No,FALSE,43,2,NA,No Card,Unable to get to their AZ until endgame
AZ,265,B1,11244,F,NA,FALSE,FALSE,0,1,1,0,4,No,FALSE,NA,1,NA,No Card,"Shooter broke, no indexing no auto"
BP,265,B2,1768,F,5,TRUE,FALSE,10,10,4,8,7,No,FALSE,4621,5,NA,No Card,Insanely fast hopper empty and fill
LJ,265,B3,6911,C,3,TRUE,FALSE,0,5,0,1,6,No,FALSE,16,3,NA,No Card,"Intake did not deploy in auto. Pass on the fly from NZ. to AZ. SOTM worked well in first half of match, butthen shooter jammed with about a minute left. Spent a lot of time doing nothing, only outtaked full hopper for partner in last 5 seconds."
FL,265,R1,8229,F,3,FALSE,FALSE,5,16,7,4,5,No,FALSE,36,5,NA,No Card,I don41391t think I counted the trench bump well
HR,265,R2,111,F,41,TRUE,FALSE,4,0,10,6,0,No,FALSE,16,5,3,No Card,"Has a theoretically compatible with teammates auto, but it did not work and. messed up teamates. They had alittle trouble with surfing, but high throughput and capacity"
CR,265,R3,2054,C,6,TRUE,FALSE,0,0,5,5,0,No,FALSE,6,3,4,No Card,Bump only
AZ,266,B1,4087,F,5,FALSE,FALSE,5,6,0,2,5,No,FALSE,NA,3,NA,No Card,"Small hopper, poor intaking, not the best driving"
BP,266,B2,3544,C,3,FALSE,FALSE,0,8,0,0,5,No,FALSE,42,1,NA,No Card,Kinda mediocre
LJ,266,B3,7840,F,5,FALSE,FALSE,9,3,3,2,4,No,FALSE,16,3,NA,No Card,"Passed from very close to their. AZ. Struggled a little bit under1690 defense, but could comfortably take corner shots. Not much SOTM but pretty accurate, BPS saw occasional drops"
FL,266,R1,1403,C,5,FALSE,FALSE,0,6,3,4,2,No,FALSE,26,3,NA,No Card,Auto got blocked by trench bar but woulda been good imo
HR,266,R2,1690,F,NA,FALSE,FALSE,0,9,1,0,0,No,FALSE,2345,5,NA,No Card,"Shooter/index malfunctioned, did no auto,played pretty good defense"
CR,266,R3,4766,M,21,FALSE,FALSE,10,4,0,2,0,No,FALSE,26,4,NA,No Card,NA
AZ,267,B1,931,M,NA,FALSE,FALSE,0,0,6,4,0,No,FALSE,1,3,NA,No Card,"Moving out of the way in auto,  basically only passing"
BP,267,B2,4322,C,3,TRUE,FALSE,12,7,3,2,8,No,FALSE,63,3,NA,No Card,Good back wall sweep
LJ,267,B3,2813,F,5,TRUE,FALSE,19,9,5,6,3,No,FALSE,631,4,NA,No Card,"When shooting at hub, first bunch consistently undershot and they had to realign. Passing was also a little screwy, sometimes coming short or spraying everywhere. Consistent mid range trench cycles, net expands to no longer go under trench"
FL,267,R1,2491,C,6,TRUE,FALSE,2,0,12,5,6,No,FALSE,6,3,NA,No Card,Really big hopper but a lot of standing around wasting time before hub turns on but i think they missed a lot of. their auto
HR,267,R2,8159,F,3,FALSE,FALSE,16,7,1,8,0,No,FALSE,16,5,NA,No Card,Good shooting on the move
CR,267,R3,8119,M,NA,FALSE,FALSE,2,4,0,5,7,No,FALSE,13,4,NA,No Card,Passed from oz
AZ,268,B1,3501,M,NA,TRUE,FALSE,0,0,6,7,6,No,FALSE,16,4,NA,No Card,A lot of passing
BP,268,B2,6487,C,3,TRUE,FALSE,10,6,4,5,2,No,FALSE,62,3,NA,No Card,Pretty good shooting ig
LJ,268,B3,4450,F,5,FALSE,FALSE,0,3,3,1,3,No,FALSE,6,2,NA,No Card,"Got stuck under trench, couldn41391t start auto routine. Intake struggled a bit, spent a lot. of time meandering i.  NZ. Overshotmany times,shot very slowly. Tower shot. from midfar range, mostly intook from AZ"
FL,268,R1,8858,F,3,FALSE,FALSE,8,14,0,3,5,No,FALSE,63,3,NA,No Card,slow shooting that isn41391t really accurate
HR,268,R2,2556,F,41,TRUE,FALSE,8,3,1,3,0,No,FALSE,26,4,NA,No Card,"Got. stuck in neutral zone for a bit, teammate helped them. Somewhat inconsistentaccuracy"
CR,268,R3,9572,C,56,TRUE,FALSE,15,8,8,8,0,No,FALSE,1346,5,NA,No Card,Very short cycle time
AZ,269,B1,4607,C,3,FALSE,FALSE,14,10,0,4,7,No,FALSE,NA,4,NA,No Card,slow shooting that isn41391t really accurate
BP,269,B2,8069,C,NA,FALSE,FALSE,2,7,5,1,8,No,FALSE,64,2,NA,No Card,Where is their hopper? Also low bps
LJ,269,B3,2582,F,5,TRUE,FALSE,3,2,1,0,8,No,FALSE,16,3,1,No Card,"Spent more than half the match dead, revived a little after halfway through. Passed a lot of fuel under trench by reversing intake, was a very yoinkable cache. Died again in last 30 seconds, but intook a lot while they were moving and fairly accurate"
FL,269,R1,1756,M,31,TRUE,FALSE,9,9,3,4,9,No,FALSE,316,5,NA,No Card,Good auto can pass from OZ shoots while moving very goood
HR,269,R2,449,F,34,TRUE,FALSE,20,10,8,9,0,No,FALSE,126,5,NA,No Card,Bum ahh robot
CR,269,R3,484,C,56,TRUE,FALSE,2,10,2,5,0,No,FALSE,136,4,NA,No Card,Their net sometimes gets caught on trench
AD,270,B1,6665,M,NA,FALSE,FALSE,1,2,0,0,0,No,FALSE,4,3,NA,No Card,Intake broken? Didn41391t intake or shoot
BP,270,B2,7183,C,3,TRUE,FALSE,10,9,5,5,7,No,FALSE,163,5,NA,No Card,"Driver seemed to always have an optimal path, unexpected unload speed from a double lane"
KO,270,B3,1391,F,6,TRUE,FALSE,15,6,2,4,2,No,FALSE,6,3,6,No Card,NA
FL,270,R1,364,M,2,FALSE,FALSE,1,3,0,1,1,No,FALSE,2,1,1,No Card,Died halfway
HR,270,R2,1023,F,3,FALSE,FALSE,11,9,5,5,0,No,FALSE,1236,4,NA,No Card,Their auto does not shoot all the balls in their hopper
CR,270,R3,6985,C,6,TRUE,FALSE,10,0,12,3,0,No,FALSE,423,2,NA,No Card,N/A
AD,271,B1,5705,C,NA,FALSE,FALSE,0,11,0,0,0,No,FALSE,2,1,6,No Card,"Did it do anything, no intake working"
BP,271,B2,11214,M,NA,FALSE,FALSE,2,7,3,0,8,No,FALSE,6,1,NA,No Card,"Why are we. cycling with Kitbot? Low bps and capacity,not even driver diffing"
KO,271,B3,16,F,NA,FALSE,FALSE,0,1,8,1,0,No,FALSE,6,2,NA,No Card,"Intake roller fell off early match, did not have an auto"
MC,271,R1,3082,M,1,FALSE,FALSE,0,1,1,0,0,No,FALSE,41,4,NA,No Card,Got stuck on depot I think for first minute got pushed off the depot by teammate then did pretty good Oz defense and. passing from theOz to the other Oz
HR,271,R2,9496,F,34,FALSE,FALSE,20,5,8,5,3,No,FALSE,16,4,NA,No Card,Intake got rammed
CR,271,R3,2468,C,56,TRUE,FALSE,20,8,0,7,0,No,FALSE,NA,4,NA,No Card,Passing over bump is very inaccurate
AD,272,B1,7915,C,3,TRUE,FALSE,15,12,6,6,0,No,FALSE,26,3,NA,No Card,"Very very slow, but didn41391t look like they were browning"
BP,272,B2,2231,F,5,TRUE,FALSE,20,5,7,6,5,No,FALSE,163,5,NA,No Card,Good scoring and passing overall
KO,272,B3,6429,M,NA,FALSE,FALSE,0,0,0,0,0,No,FALSE,NA,1,1,No Card,NA
MC,272,R1,3937,F,2,FALSE,FALSE,9,8,0,5,3,No,FALSE,156,4,NA,No Card,Good turret
HR,272,R2,5653,C,5,FALSE,FALSE,0,9,0,6,0,No,FALSE,126,3,7,No Card,"Auto attempted to go from trench to neutral zone to bump, but got stuck in neutral zone"
CR,272,R3,3243,C,5,FALSE,FALSE,10,5,1,2,3,No,FALSE,4326,4,NA,No Card,N/A
AD,273,B1,6528,M,1,FALSE,FALSE,7,7,3,5,2,No,FALSE,NA,3,NA,No Card,"Weak drive. train, got pushed around really easily and"
BP,273,B2,614,F,6,TRUE,FALSE,10,0,10,1,8,No,FALSE,452,3,3,No Card,Intake broke
SBS,273,B3,51,C,3,FALSE,FALSE,15,4,0,6,3,No,FALSE,216,4,NA,No Card,NA
MC,273,R1,3753,F,3,FALSE,FALSE,6,8,0,6,7,No,FALSE,236,4,NA,No Card,NA
HR,273,R2,2054,C,62,TRUE,FALSE,16,0,6,4,4,No,FALSE,16,3,NA,No Card,Slow bps
CR,273,R3,11417,M,NA,FALSE,FALSE,0,8,0,0,3,No,FALSE,4,4,NA,No Card,Full defense the whole time
AD,274,B1,1816,F,5,FALSE,FALSE,15,6,2,3,5,No,FALSE,61,2,NA,No Card,"Shooter motors weak/maybe browning, very poor accuracy"
AW,274,B2,6201,M,NA,FALSE,FALSE,2,5,5,0,0,No,FALSE,45,3,NA,No Card,"Played some pretty okay defense. There was awhile where it looked like they weren41391t doing much, but they had a few. goodmoments"
SBS,274,B3,4655,C,34,FALSE,FALSE,17,13,0,5,9,No,FALSE,136,4,NA,No Card,NA
AZ,274,R1,4766,C,5,FALSE,FALSE,6,8,4,4,5,No,FALSE,2,4,NA,No Card,Attempted climb both times was unsuccessful in both
HR,274,R2,1768,F,34,TRUE,FALSE,20,6,4,7,0,No,FALSE,61,5,NA,No Card,"Very good bps, their auto is basically just. ours, theywere defended for a bit"
CR,274,R3,2635,M,NA,FALSE,FALSE,0,0,1,0,0,No,FALSE,1,2,NA,No Card,Bulldozed the entire time
AD,275,B1,3931,C,56,TRUE,FALSE,10,8,2,6,4,No,FALSE,1263,4,NA,No Card,Got stuck on bump
AW,275,B2,7769,F,5,FALSE,FALSE,10,4,7,5,5,No,FALSE,16,4,NA,No Card,Really fast shooting
SBS,275,B3,1506,M,1,FALSE,FALSE,4,6,6,7,2,No,FALSE,136,5,NA,No Card,NA
AZ,275,R1,8159,M,1,FALSE,FALSE,3,12,0,3,0,No,FALSE,465,4,NA,No Card,Not orbit
HR,275,R2,5895,C,56,FALSE,FALSE,20,5,5,6,0,No,FALSE,61,4,NA,No Card,NA
CR,275,R3,1690,F,34,TRUE,FALSE,20,12,5,11,0,No,FALSE,316,5,NA,No Card,Lots of cycles
AD,276,B1,4125,M,NA,FALSE,FALSE,0,0,6,0,0,No,FALSE,4,3,2,No Card,"Shooter not working, tried to pass. and shooter failed toengage"
AW,276,B2,1403,C,3,FALSE,FALSE,15,6,2,5,0,No,FALSE,613,3,NA,No Card,"Accuracy isn41391t very good, and their shooting isn41391t very fast either"
SBS,276,B3,8229,F,56,FALSE,FALSE,10,6,4,7,6,No,FALSE,31,4,NA,No Card,High bps
AZ,276,R1,4020,C,52,FALSE,FALSE,11,10,0,4,6,No,FALSE,1,3,NA,No Card,Had trouble intaking
HR,276,R2,7415,F,4,TRUE,FALSE,13,0,12,5,5,No,FALSE,236,5,NA,No Card,"They were defended, which got them stuck on bump, teammate helped them"
CR,276,R3,2393,M,NA,FALSE,FALSE,1,3,0,1,0,No,FALSE,6,4,NA,No Card,They were very slow and shaky
AD,277,B1,10034,M,1,FALSE,FALSE,3,0,9,3,5,No,FALSE,62,3,NA,No Card,"Got rammed pretty hard, broke their intake off"
AW,277,B2,2590,C,34,TRUE,FALSE,2,2,6,2,0,No,FALSE,12,3,6,No Card,"Browning out the last ~20 seconds of the match, slowww intake"
SBS,277,B3,5913,F,56,FALSE,FALSE,20,6,6,7,3,No,FALSE,16,4,NA,No Card,:checkmark:
AZ,277,R1,1533,F,NA,FALSE,FALSE,0,0,0,0,0,No,FALSE,NA,1,1,No Card,No auto no movement
HR,277,R2,7840,C,5,FALSE,FALSE,0,7,3,1,3,No,FALSE,45,4,NA,No Card,"Did good defense, auto got caught on trench"
CR,277,R3,11242,NA,NA,FALSE,FALSE,2,0,8,0,1,No,TRUE,24,4,NA,No Card,"Flip climb, effective at bulldozing"
AD,278,B1,10980,C,34,TRUE,FALSE,10,3,3,7,0,No,FALSE,26,4,NA,No Card,"Vertical extension dumper, always fills hopper to full in neutral zone and dumps them at trench"
AW,278,B2,4469,F,5,FALSE,FALSE,7,6,5,2,0,No,FALSE,61,3,NA,No Card,Hopper looks fragile(kept getting twisted up when hit) very susceptible to defense
SBS,278,B3,4087,C,6,FALSE,FALSE,10,5,3,4,5,No,FALSE,61,2,NA,No Card,Turret w shoot on the move
AZ,278,R1,111,F,NA,FALSE,FALSE,4,0,8,4,5,No,FALSE,61,4,NA,No Card,Low bps
HR,278,R2,5181,C,56,TRUE,FALSE,15,6,2,2,0,No,FALSE,46,3,NA,No Card,Played okay defense
CR,278,R3,10991,F,3,FALSE,FALSE,5,6,0,3,0,No,FALSE,26,4,NA,No Card,Very small hopper
AD,279,B1,931,M,NA,FALSE,FALSE,3,0,2,0,5,No,FALSE,5,1,24,No Card,"Climbed in auto, went over bump and couldn41391t build enough speed to get back over"
AW,279,B2,11244,C,3,FALSE,FALSE,0,2,3,0,0,No,FALSE,6,2,7,No Card,"Shooter broken, foul during auto, bad piece. security, passed .  couple tim. s through outtaking, kept trying toshooteventhough shooter wasn41391t working"
SBS,279,B3,3544,NA,5,FALSE,FALSE,5,12,0,1,0,No,FALSE,13,1,NA,No Card,Lots of passing and something was wrong with shooting but general poor driving
AZ,279,R1,4322,C,5,FALSE,FALSE,13,3,7,5,4,No,FALSE,13,5,NA,No Card,Good but low bps
HR,279,R2,6911,F,3,FALSE,FALSE,10,10,0,4,7,No,FALSE,16,3,NA,No Card,Kinda mid
CR,279,R3,5577,M,NA,FALSE,FALSE,2,9,0,3,0,No,FALSE,123,4,NA,No Card,Repeatedly got stuck on trench
AD,280,B1,5705,C,NA,FALSE,FALSE,0,8,0,0,0,No,FALSE,542,3,NA,No Card,"Intake broken, did not shoot"
AW,280,B2,3501,M,4,TRUE,FALSE,10,0,6,4,0,No,FALSE,16,3,3,No Card,Didn41391t move for the first ~30 seconds in teleop
SBS,280,B3,1023,M,5,FALSE,FALSE,9,6,4,7,2,No,FALSE,16,5,NA,No Card,OoO
AZ,280,R1,6429,M,NA,FALSE,FALSE,0,5,1,1,5,No,FALSE,5,1,NA,No Card,Missed the bump bad driving also blocked own teammate41391s
HR,280,R2,5653,F,3,FALSE,FALSE,10,10,0,6,0,No,FALSE,63,2,NA,No Card,NA
CR,280,R3,1756,C,5,FALSE,FALSE,15,6,7,5,0,No,FALSE,31,1,1,No Card,Died during endgame
AD,281,B1,11417,M,NA,FALSE,FALSE,0,3,1,0,3,No,FALSE,14,2,NA,No Card,Kitbot
AW,281,B2,16,F,5,FALSE,FALSE,0,2,5,3,0,No,FALSE,26,3,7,No Card,Slowwwww shooter
SBS,281,B3,614,C,4,TRUE,FALSE,10,0,8,4,0,No,FALSE,3,3,NA,No Card,NA
AZ,281,R1,2556,F,3,FALSE,FALSE,10,10,0,3,6,No,FALSE,63,3,NA,No Card,Fixed. shooter so driving has issues bc shooteris fixed
HR,281,R2,8069,M,NA,FALSE,FALSE,2,7,2,0,4,No,FALSE,426,2,NA,No Card,Their index prolly broke and their auto wiggles the robot a little
CR,281,R3,3243,C,5,FALSE,FALSE,6,8,1,3,0,No,FALSE,6,3,NA,No Card,"Their swerve broke partway through, but fixed itself 30s later"
AD,282,B1,9496,C,34,TRUE,FALSE,15,8,4,7,4,No,FALSE,16,4,NA,No Card,"Broke intake slamming into hub, quickly fixed"
AW,282,B2,6985,F,6,TRUE,FALSE,8,0,12,1,5,No,FALSE,4,4,NA,No Card,Played a lot of pretty solid defense
SBS,282,B3,8119,M,NA,FALSE,FALSE,1,4,6,4,6,No,FALSE,1346,4,NA,No Card,Qwertyuiop
HR,282,R2,4450,C,5,FALSE,FALSE,10,4,2,3,4,No,FALSE,16,3,NA,No Card,They were defended
CR,282,R3,6528,M,1,FALSE,FALSE,5,10,0,3,0,No,FALSE,6,4,NA,No Card,N/A
JJ,283,B1,5895,F,65,TRUE,FALSE,13,0,0,3,5,No,FALSE,16,2,NA,No Card,Really bad indexing
CC,283,B2,3082,M,NA,FALSE,FALSE,0,2,0,0,0,No,FALSE,3,1,1,No Card,Ded
FL,283,B3,1816,C,3,FALSE,FALSE,9,10,0,2,4,No,FALSE,36,3,NA,No Card,NA
MF,283,R1,2231,F,3,TRUE,FALSE,10,2,4,8,3,No,FALSE,16,3,NA,No Card,NA
HR,283,R2,2054,M,1,FALSE,FALSE,5,0,10,0,0,No,FALSE,13,3,NA,No Card,"Slow bump, passed the entire time from both the neutral and opposite alliance zone"
JJ,284,B1,1391,M,1,FALSE,FALSE,5,8,3,5,4,No,FALSE,16,3,NA,No Card,Performed decently against defense
CC,284,B2,364,F,5,FALSE,FALSE,14,5,1,4,0,No,FALSE,61,3,NA,No Card,Fish
FL,284,B3,1506,C,3,TRUE,FALSE,12,7,5,6,7,No,FALSE,163,5,NA,No Card,Super Good but small hopper makes them run many cycles
AD,284,R1,4020,C,52,FALSE,FALSE,10,9,3,7,7,No,FALSE,16,3,NA,No Card,uwu
CR,284,R2,1403,F,3,FALSE,FALSE,15,5,2,4,0,No,FALSE,61,4,NA,No Card,Hopper was decapitated during shift 3
Rs,284,R3,2635,M,NA,FALSE,FALSE,2,0,3,0,0,No,FALSE,4,2,2,No Card,Hub auto. 1 tower foul while defending.
JJ,285,B1,7769,F,56,TRUE,FALSE,14,8,2,6,9,No,FALSE,16,3,6,No Card,CA1 ggs
FL,285,B3,3937,M,1,FALSE,FALSE,8,10,0,4,4,No,FALSE,634,4,NA,No Card,I kinda lost its position multiple times mb
AD,285,R1,11242,M,NA,FALSE,FALSE,0,0,4,0,0,No,FALSE,4,2,NA,No Card,Climbed in auto
CR,285,R2,51,F,3,FALSE,FALSE,5,7,0,6,0,No,FALSE,163,1,NA,No Card,They don41391t seem to be able to shoot on move while intaking
Rs,285,R3,2491,C,6,TRUE,FALSE,13,0,9,5,2,No,FALSE,3,4,NA,No Card,NA
JJ,286,B1,2393,C,34,TRUE,FALSE,10,5,1,2,8,No,FALSE,NA,2,6,No Card,accuracy affected by browniuts
CC,286,B2,7840,M,NA,FALSE,FALSE,0,0,4,4,0,No,FALSE,2,3,NA,No Card,Fish
Rs,286,B3,6487,F,56,TRUE,FALSE,1,6,3,3,5,No,FALSE,1,4,NA,No Card,Intake didn41391t deploy during auto. Got defended hard.
AD,286,R1,6665,M,NA,FALSE,FALSE,0,3,0,0,0,No,FALSE,4,4,NA,No Card,"Really good defense, did not intake or shoot"
CR,286,R2,4469,F,3,FALSE,FALSE,10,4,10,5,7,No,FALSE,6134,2,NA,No Card,N/A
BP2,286,R3,1533,C,NA,FALSE,FALSE,0,12,0,0,0,No,FALSE,2,2,NA,No Card,Didn41391t shoot at all no auto and just bulldoze entire time can41391t get over bump easily
JB,287,B1,11244,M,2,FALSE,FALSE,7,2,7,0,0,No,FALSE,4,2,1,No Card,Shooter broke like first thing
BP2,287,B2,9572,F,5,FALSE,FALSE,10,3,2,2,7,No,FALSE,16,2,NA,No Card,Fish
Rs,287,B3,3931,C,34,TRUE,FALSE,9,0,2,4,1,No,FALSE,13,3,2,No Card,Auto got stuck on trench
AD,287,R1,6201,M,1,FALSE,FALSE,6,2,0,0,0,No,FALSE,4,3,NA,No Card,Climbed in auto
CR,287,R2,4125,F,3,FALSE,FALSE,5,9,3,3,0,No,FALSE,31,4,NA,No Card,Intake seemed to have broken during endgame
FL,287,R3,10991,C,5,FALSE,FALSE,4,6,0,1,5,No,FALSE,6,3,1,No Card,Died after halfway
LJ,288,B1,5577,F,5,FALSE,FALSE,1,8,0,2,4,No,FALSE,2361,3,NA,No Card,"Hood of shooter. clips trench. Very slow shooter from mid far range.Lots of fuel stockpiling, maybe had. anoutpost auto but didn41391t collect any balls."
BP2,288,B2,11214,M,NA,FALSE,FALSE,0,6,0,1,3,No,FALSE,2,1,NA,No Card,Not fish
Rs,288,B3,4087,C,3,FALSE,FALSE,0,5,1,1,4,No,FALSE,4,3,NA,No Card,Two tower fouls. Mostly def.
AD,288,R1,449,F,34,TRUE,FALSE,20,8,2,2,0,No,FALSE,61,4,NA,No Card,"Ball got stuck, cooked shooter and hopper"
CR,288,R2,7915,C,56,TRUE,FALSE,4,7,3,5,0,No,FALSE,61,3,NA,No Card,Beached during auto
FL,288,R3,8858,M,12,FALSE,FALSE,9,10,1,5,6,No,FALSE,316,4,NA,No Card,Pretty good
Rs,289,B3,484,F,5,FALSE,FALSE,0,4,2,4,2,No,FALSE,13,4,NA,No Card,Auto collision with partner.
AD,289,R1,4322,F,5,FALSE,FALSE,12,14,2,5,0,No,FALSE,316,3,1,No Card,"Died mid match, can back to life partway through"
FL,289,R3,3544,C,5,FALSE,FALSE,0,4,0,0,0,No,FALSE,1,2,1,No Card,Shooter not facing right on auto and died after collison woke up and just passed
JB,290,B1,7183,M,NA,FALSE,FALSE,2,9,1,5,8,No,FALSE,34,4,NA,No Card,NA
ADK,290,B2,2468,F,56,TRUE,FALSE,4,2,5,7,6,No,FALSE,NA,3,NA,No Card,NA
ADK,290,B3,2590,C,34,TRUE,FALSE,20,0,6,3,4,No,FALSE,16,3,NA,No Card,NA
Rs,290,R1,8229,C,56,TRUE,FALSE,6,6,7,5,0,No,FALSE,13,4,NA,No Card,Mid accuracy
LJ,290,R2,931,M,NA,FALSE,FALSE,1,0,2,0,0,No,FALSE,42,2,NA,No Card,"Fast auto climb and fairly fast dismount. Intake didn41391t deploy until 50 seconds left and it was quickly retracted. Spent a lot of time meandering in NZ, had an ok block to slightly slow opponent returning to OZ and herded a little under the trench"
FL,290,R3,1690,F,3,TRUE,FALSE,19,9,6,8,2,No,FALSE,136,5,NA,No Card,Y41391all I really don41391t know how to count orbit shots but I hope this was close
JB,291,B1,10980,C,3,TRUE,FALSE,0,2,4,5,7,No,FALSE,16,3,NA,No Card,"Didn41391t do a ton during. inactive,but did some passing"
ADK,291,B2,7415,M,4,FALSE,FALSE,13,0,10,4,6,No,FALSE,NA,2,NA,No Card,NA
ADK,291,B3,5913,F,56,TRUE,FALSE,18,6,4,1,0,No,FALSE,4216,4,NA,No Card,I think the shooter broke during a collision bc after that they stopped shooting and started feeding hp
Rs,291,R1,7415,NA,6,FALSE,FALSE,10,0,10,4,0,No,FALSE,3,3,NA,No Card,Bes||no
LJ,291,R2,6911,M,1,FALSE,FALSE,1,10,0,3,2,No,FALSE,316,3,NA,No Card,"Fairly fast pass. on the move, many passes were blocked by the hub net.Very minimal SOTM, liked sittting in DS corner and between depot and tower and just unloading that fuel cache from afar. Was blocked solidly by 5813 from leaving AZ once"
GK,291,R3,8159,NA,3,FALSE,FALSE,13,1,1,3,4,No,FALSE,1,3,NA,No Card,NA
JB,292,B1,10034,M,1,FALSE,FALSE,4,0,6,4,6,No,FALSE,1,3,NA,No Card,Passing was pretty good but their movements were low-key slow
ADK,292,B2,1506,M,5,FALSE,FALSE,10,4,5,5,5,No,FALSE,NA,1,42,No Card,Decent passing
ADK,292,B3,16,F,NA,FALSE,FALSE,0,4,6,3,0,No,FALSE,62,3,27,No Card,NA
BP2,292,R1,1506,C,3,FALSE,FALSE,10,2,5,4,0,No,FALSE,NA,2,NA,No Card,Fish
LJ,292,R2,2813,F,3,TRUE,FALSE,19,12,10,6,1,No,FALSE,316,5,NA,No Card,Very aggressive consistent. cycler during active. Net extends like 3 ball.  above hopper wh. n full. Shotfrom midrange andcouldpass from edge of NZ
KO,292,R3,4766,C,6,TRUE,FALSE,0,7,2,1,0,No,FALSE,NA,2,NA,No Card,"Played defense, they have a climber but they didn41391t extend it properly"
JB,293,B1,5653,F,5,FALSE,FALSE,1,4,3,4,7,No,FALSE,3,3,1,No Card,Reconnected after like 40 seconds
AW,293,B2,5895,C,34,TRUE,FALSE,6,4,8,5,0,No,FALSE,16,4,NA,No Card,Shooting while moving accuracy is iffy
AD,293,B3,1403,M,34,FALSE,FALSE,13,11,3,6,0,No,FALSE,126,4,NA,No Card,(o v o)
BP2,293,R1,5895,C,3,FALSE,FALSE,2,5,5,0,0,No,FALSE,136,3,NA,No Card,Fish
LJ,293,R2,8069,M,NA,FALSE,FALSE,1,0,3,0,8,No,FALSE,NA,1,1,No Card,Died after going over bump for the third time with about 1:50 left.
KO,293,R3,3937,C,56,TRUE,FALSE,9,6,5,5,3,No,FALSE,14,3,NA,No Card,NA
JB,294,B1,6985,C,4,TRUE,FALSE,5,0,8,3,8,No,FALSE,4,3,NA,No Card,Played defense but defense was kind bad
ADK,294,B2,1533,C,1,FALSE,FALSE,7,2,2,0,3,No,FALSE,15,2,NA,No Card,Jammed early on and didn41391t provide much support after
AD,294,B3,2054,F,6,TRUE,FALSE,10,0,6,5,1,No,FALSE,16,3,NA,No Card,NA
BP2,294,R1,4020,F,34,TRUE,FALSE,20,8,0,3,2,No,FALSE,NA,1,NA,No Card,Fish
LJ,294,R2,1756,M,41,FALSE,FALSE,2,6,10,4,4,No,FALSE,136,4,NA,No Card,"Full field passing, robot clipped blue trench once but forced way through. Pass on the move but no good SOTM."
KO,294,R3,7769,C,56,TRUE,FALSE,17,6,3,7,7,No,FALSE,1,4,NA,No Card,NA
JB,295,B1,6487,M,NA,FALSE,FALSE,0,0,0,0,0,No,FALSE,NA,1,5,No Card,.
ADK,295,B2,11244,F,5,FALSE,FALSE,1,0,2,0,0,No,FALSE,NA,1,NA,No Card,"Could not shoot, slow adaptation, ok defense"
AD,295,B3,1391,C,34,TRUE,FALSE,20,4,2,7,0,No,FALSE,126,4,NA,No Card,UwU
BP2,295,R1,3243,F,NA,FALSE,FALSE,0,8,0,2,3,No,FALSE,16,2,NA,No Card,Fish
LJ,295,R2,3501,M,4,TRUE,FALSE,11,0,8,5,1,No,FALSE,16,4,NA,No Card,"Steady cycler from mid to far range. Spent most of active period cleaning up AZ, a lot of passing was from close to AZ."
RY,295,R3,1768,C,5,TRUE,FALSE,20,9,3,12,0,No,FALSE,16,4,NA,No Card,"Got defended but worked around it. Really good dumper, fast bps. Constantly passing during inactive"
JB,296,B1,9572,M,3,FALSE,FALSE,3,7,0,6,7,No,FALSE,61,4,NA,No Card,Idk driving was good
ADK,296,B2,2491,F,6,TRUE,FALSE,9,0,11,4,3,No,FALSE,14,2,NA,No Card,NA
AD,296,B3,2635,M,NA,FALSE,FALSE,1,0,2,1,3,No,FALSE,NA,2,6,No Card,Kind of just sat in AZ
BP2,296,R1,2231,F,4,FALSE,FALSE,15,5,3,7,2,No,FALSE,1,1,NA,No Card,Very fish
LJ,296,R2,4469,C,5,TRUE,FALSE,12,10,10,5,7,No,FALSE,136,5,NA,No Card,"First auto swipe got a tech foul for crossing center line, passed from close to AZ. Short from mid close range and spent most of active cycling. Only stole once."
FL,296,R3,5577,M,NA,FALSE,FALSE,6,6,0,0,5,No,FALSE,4,3,NA,No Card,1 major and not that great of defense
JB,297,B1,2393,M,NA,FALSE,FALSE,5,3,1,1,7,No,FALSE,1,2,NA,No Card,"Bad passing shooter was like. Rome or something, slow shooter"
ADK,297,B2,4087,M,3,FALSE,FALSE,12,5,3,0,0,No,FALSE,54,4,NA,No Card,Good defense
AD,297,B3,364,F,5,FALSE,FALSE,15,13,3,5,4,No,FALSE,136,4,NA,No Card,"Agitation with hopper retraction is not that good, slowed down bps"
BP2,297,R1,11214,M,NA,FALSE,FALSE,0,4,1,1,7,No,FALSE,2,3,NA,No Card,Not very fish
LJ,297,R2,1816,F,3,FALSE,FALSE,9,5,2,3,7,No,FALSE,136,4,NA,No Card,"Some full field passing, some pass on the move, intake struggled to fill hopper fully.  Occasionally undershot,"
FL,297,R3,1023,C,5,FALSE,FALSE,12,4,4,5,2,No,FALSE,526,4,NA,No Card,Did okay slow shooter and got defended kinda easily
JB,298,B1,7840,F,5,FALSE,FALSE,12,8,0,6,7,No,FALSE,1,3,NA,No Card,"Shooter broke in end game, didn41391t shoot for 30 sec"
ADK,298,B2,6201,M,1,FALSE,FALSE,5,2,2,0,0,No,FALSE,4,2,NA,No Card,NA
AD,298,B3,3753,C,3,FALSE,FALSE,10,8,0,6,5,No,FALSE,613,4,NA,No Card,NA
BP2,298,R1,7183,M,NA,FALSE,FALSE,0,6,0,2,2,No,FALSE,NA,2,NA,No Card,Fish
LJ,298,R2,8229,C,5,TRUE,FALSE,18,5,5,5,8,No,FALSE,163,4,NA,No Card,"Tendency to look for fuel in AZ first, floundered a little bit before going to cycle when starved. Lots of tower shots towards end of match after they overshot an entire cycle. Passed from middle of NZ ish"
FL,298,R3,7915,F,3,TRUE,FALSE,8,6,3,1,7,No,FALSE,156,2,NA,No Card,Kinda scooting around
JB,299,B1,2468,C,3,TRUE,FALSE,18,9,2,9,8,No,FALSE,36,4,NA,No Card,NA
ADK,299,B2,10991,NA,NA,FALSE,FALSE,0,3,0,1,7,No,FALSE,1,2,NA,No Card,Shoot preload in auto
AD,299,B3,3544,F,5,FALSE,FALSE,9,14,1,4,0,No,FALSE,263,3,NA,No Card,Died briefly then came back
BP2,299,R1,2582,M,1,FALSE,FALSE,10,5,2,1,8,No,FALSE,NA,2,NA,No Card,Not very fish
LJ,299,R2,5913,F,3,TRUE,FALSE,19,5,5,5,1,No,FALSE,1326,5,NA,No Card,"Intake broke with about 30 seconds left, played some tough NZ defense for like 5 seconds. Can pass from middle of NZ, flexible in cycling or cleaning up AZ."
BP2,299,R3,614,C,6,TRUE,FALSE,9,0,1,2,8,L1,TRUE,4,3,NA,No Card,Driver smashed intake so they played d
JB,300,B1,6429,M,NA,FALSE,FALSE,0,8,1,0,0,No,FALSE,452,3,NA,No Card,"Shooter no work, perms defense and herding, defense was average"
ADK,300,B2,111,C,4,TRUE,FALSE,13,0,10,6,3,No,FALSE,16,3,NA,No Card,NA
AD,300,B3,4450,F,5,FALSE,FALSE,16,3,3,4,3,No,FALSE,126,4,NA,No Card,"Had some connectivity issues, kept disconnected and reconnected mid match"
RY,300,R1,484,C,5,TRUE,FALSE,19,7,2,8,0,No,FALSE,12,4,NA,No Card,Has this technique during teleop where they go out to neutral. very shortly by trenc.  and does a trenchshot rightafter. They repeat it like six times during one period.
Rs,300,R2,7415,M,41,TRUE,FALSE,9,0,8,5,5,No,FALSE,6,3,NA,No Card,Tipsy but didn41391t fall.
BP2,300,R3,51,F,3,FALSE,FALSE,5,1,0,3,7,No,FALSE,NA,4,NA,No Card,Hopper got caught on trench and broke intake and hopper
JB,301,B1,6665,M,NA,FALSE,FALSE,0,6,2,0,0,No,FALSE,54,3,NA,No Card,Defense entire time
ADK,301,B2,3082,M,NA,FALSE,FALSE,0,7,0,0,0,No,FALSE,45,3,NA,No Card,Did not intake nor shoot a single ball
AD,301,B3,2556,F,56,TRUE,FALSE,10,3,4,7,5,No,FALSE,6,4,NA,No Card,"Died on bump, came back"
RY,301,R1,3931,C,5,TRUE,FALSE,12,5,1,5,7,No,FALSE,16,5,NA,No Card,Nothing wrong
Rs,301,R2,4655,F,34,TRUE,FALSE,10,4,3,5,4,No,FALSE,1,4,NA,No Card,Broken intake.
FL,301,R3,2813,M,NA,FALSE,FALSE,0,4,2,0,2,No,FALSE,5,4,NA,No Card,Kinda mogged. 3082 with def very good def overall but barely scored at all
JB,302,B1,1690,C,3,TRUE,FALSE,18,5,2,8,8,No,FALSE,1356,5,NA,No Card,Orbit is orbit
BH,302,B2,11417,M,NA,FALSE,FALSE,3,1,2,0,2,No,FALSE,4,2,NA,No Card,Played D
AD,302,B3,449,F,56,TRUE,FALSE,0,1,1,0,0,No,FALSE,25,4,NA,No Card,Did not expand hopper
RY,302,R1,6911,F,3,FALSE,FALSE,10,10,0,3,6,No,FALSE,NA,4,NA,No Card,Solid
Rs,302,R2,10034,M,1,FALSE,FALSE,3,0,4,3,2,No,FALSE,NA,2,7,No Card,NA
FL,302,R3,5181,C,5,TRUE,FALSE,9,1,1,0,0,No,FALSE,413,3,NA,No Card,Kind of ineffective def but yknow its orbit soooo
MC,303,B1,4766,F,NA,FALSE,FALSE,10,3,3,6,3,No,FALSE,26,4,NA,No Card,Bps about same as us
ADK,303,B2,9496,C,5,TRUE,FALSE,20,3,11,6,2,No,FALSE,46,2,NA,No Card,NA
AD,303,B3,2590,C,34,TRUE,FALSE,10,3,7,5,4,No,FALSE,62,4,NA,No Card,NA
BP2,303,R2,4322,C,5,FALSE,FALSE,0,10,0,2,0,No,FALSE,NA,1,2,No Card,Not so fish
FL,303,R3,8858,M,12,FALSE,FALSE,7,7,1,3,6,No,FALSE,31,3,NA,No Card,Did some alright defense but kind of mid
MC,304,B1,4125,C,5,FALSE,FALSE,4,3,2,0,0,No,FALSE,4,3,NA,No Card,Played defense
ADK,304,B2,5705,M,NA,FALSE,FALSE,0,4,0,1,2,No,FALSE,NA,1,NA,No Card,"Low accuracy, slow driving and shooting"
AD,304,B3,931,M,NA,FALSE,FALSE,5,0,8,3,8,No,FALSE,6,3,NA,No Card,Climbed in auto
RY,304,R1,11242,NA,NA,FALSE,FALSE,0,0,4,0,0,No,FALSE,2,1,NA,No Card,"Broken auto, had trouble moving, couldn41391t intake"
FL,304,R3,4607,C,5,FALSE,FALSE,9,13,3,6,2,No,FALSE,4632,4,NA,No Card,Effective defense good scoring as well
NS,305,B1,1816,F,1,FALSE,FALSE,5,3,1,3,0,No,FALSE,NA,3,NA,No Card,"Began moving very slowly, diddled around in AZ for the rest of the match"
ADK,305,B2,6985,C,4,TRUE,FALSE,3,0,8,1,2,No,FALSE,4,1,2,No Card,"Ineffective defense, slow shooting speed"
AD,305,B3,4020,F,5,FALSE,FALSE,10,4,8,7,3,No,FALSE,216,4,NA,No Card,Mr reaaaalll bad man
RY,305,R1,16,M,NA,FALSE,FALSE,0,5,7,5,4,No,FALSE,1,3,NA,No Card,No auto
CR,305,R2,3937,F,34,TRUE,FALSE,15,7,3,5,0,No,FALSE,31,4,NA,No Card,Shoot on the move while intaking
BP,305,R3,5895,C,5,TRUE,FALSE,16,6,6,5,3,No,FALSE,61,2,3,No Card,NA
NS,306,B1,11214,M,NA,FALSE,FALSE,4,5,0,0,6,No,FALSE,42,2,NA,No Card,Rammed the other opponents
ADK,306,B2,9572,M,3,TRUE,FALSE,18,7,7,6,2,No,FALSE,16,2,NA,No Card,"Didn41391t react well to defense, drive ok otherwise"
AD,306,B3,7769,F,56,TRUE,FALSE,20,6,6,6,0,No,FALSE,2136,5,NA,No Card,NA
RY,306,R1,6528,M,NA,FALSE,FALSE,0,2,0,0,0,No,FALSE,4,1,1,No Card,No intake ability and no auto
CR,306,R2,1403,C,5,FALSE,FALSE,12,6,4,4,0,No,FALSE,13,4,NA,No Card,N/A
BP,306,R3,1768,F,3,TRUE,FALSE,20,7,3,8,5,No,FALSE,136,5,NA,No Card,"Insane bps, hopper gone in an instant"
NS,307,B1,4469,F,5,TRUE,FALSE,20,4,2,7,0,No,FALSE,6,3,NA,No Card,NA
ADK,307,B2,3544,C,3,FALSE,FALSE,2,3,0,0,5,No,FALSE,54,3,6,No Card,Tried defense
AD,307,B3,8069,M,NA,FALSE,FALSE,2,6,2,2,2,No,FALSE,346,4,NA,No Card,the REAALLLLL bad man is back at it
LJ,307,R1,2054,C,62,TRUE,FALSE,12,0,4,1,6,No,FALSE,16,3,1,No Card,"Stopped moving from 45 seconds to about 15 seconds, RSL still on. Pass while moving from anywhere in NZ and slow SOTM cleaning up corner. Probably has single digit bps"
CR,307,R2,7183,M,NA,FALSE,FALSE,0,11,1,4,0,No,FALSE,NA,2,NA,No Card,They constantly got in the way of their teamates
BP,307,R3,3501,F,4,TRUE,FALSE,8,0,6,4,6,No,FALSE,16,2,34,No Card,Easily defendable on bump
ADK,308,B2,2231,F,51,TRUE,FALSE,6,3,3,3,8,No,FALSE,261,4,NA,No Card,Shoot on fly & phenomenal auto
AD,308,B3,6201,M,1,FALSE,FALSE,7,3,2,0,0,No,FALSE,4,4,NA,No Card,Really good Oz defense
LJ,308,R1,2468,F,3,TRUE,FALSE,10,13,1,5,4,No,FALSE,136,5,NA,No Card,"Auto was short returning to NZ over bump. Full field passing. and passing from NZ, cached lots of fuel for end game. Maybehad battery issues in last five seconds. Also lots of trench shots in response to defense, got at evading."
CR,308,R2,484,C,56,TRUE,FALSE,5,3,3,4,0,No,FALSE,1,3,NA,No Card,Low bps
BP,308,R3,7840,M,NA,FALSE,FALSE,2,4,0,0,0,No,FALSE,213,2,NA,No Card,Good feeding and herding
ADK,309,B2,7915,M,3,TRUE,FALSE,4,1,10,3,7,No,FALSE,6,2,2,No Card,"Slow intake, ineffective during inactive"
Ad,309,B3,4450,F,5,FALSE,FALSE,16,5,3,3,8,No,FALSE,621,4,NA,No Card,"In this. match and the last match, shooter seemedinconsistent when around 1/2. capacity"
LJ,309,R1,2813,F,3,TRUE,FALSE,20,5,3,7,8,No,FALSE,16,4,NA,No Card,"Struggled heavily against defense, lots of missed hoppers from ramming and being turned. Still fit under trench when overfilled."
CR,309,R2,1023,C,5,FALSE,FALSE,1,3,2,4,0,No,FALSE,1,4,NA,No Card,N/A
BP,309,R3,11244,M,2,FALSE,FALSE,3,7,1,1,5,No,FALSE,213,2,6,No Card,"They unintaked a lot, no defense, should be used to shovel to our AZ"
AW,310,B1,11417,C,NA,FALSE,FALSE,0,0,4,0,0,No,FALSE,4,2,41,No Card,Played some pretty bad defense
ADK,310,B2,10034,M,1,FALSE,FALSE,4,0,4,0,0,No,FALSE,NA,1,1,No Card,Intake broke amid drive issues
AD,310,B3,8119,F,5,FALSE,FALSE,10,10,4,4,9,No,FALSE,1436,4,NA,No Card,Intake ramp was broken off
CR,310,R2,2491,M,6,TRUE,FALSE,17,0,10,7,0,No,FALSE,635,5,NA,No Card,"Very low cycle time, huge hopper, top plate fell off"
BP,310,R3,7415,F,41,TRUE,FALSE,16,0,10,3,5,No,FALSE,26,3,4,No Card,"Got stuck on bump on another bot, but good thievery"
AW,311,B1,3082,C,3,FALSE,FALSE,0,2,1,0,0,No,FALSE,43,4,7,No Card,Played some pretty effective defense
ADK,311,B2,5577,M,NA,FALSE,FALSE,0,3,0,2,0,No,FALSE,1,2,1,No Card,"Shot in auto no move, slow shooter, died twice, small hopper"
AD,311,B3,364,F,NA,FALSE,FALSE,0,0,0,0,0,No,FALSE,NA,1,5,No Card,NA
LJ,311,R1,10991,M,NA,FALSE,FALSE,2,5,1,0,0,No,FALSE,26,2,NA,No Card,"Auto routine backed off. from hub then drove back towardshub. Small hopper with open top, poor piece security. Played some counter defense without much success, opponent was still able to ram and block"
CR,311,R2,8159,F,3,FALSE,FALSE,15,6,2,2,0,No,FALSE,31,3,NA,No Card,N/A
BP,311,R3,3243,C,5,FALSE,FALSE,5,10,0,2,6,No,FALSE,6,1,NA,No Card,Didn41391t a stop when shooting from the NZ
AW,312,B1,6911,M,1,FALSE,FALSE,5,9,1,5,0,No,FALSE,361,4,NA,No Card,Turret shot in the wrong direction a couple of times
ADK,312,B2,4607,M,3,FALSE,FALSE,5,3,6,3,0,No,FALSE,56,2,NA,No Card,"Inaccurate shooting, unhelpful to alliance during inactive, small hopper"
AD,312,B3,1756,F,5,FALSE,FALSE,17,4,4,1,6,No,FALSE,4,4,NA,No Card,Intake very floppy
LJ,312,R1,1391,M,2,FALSE,FALSE,1,8,0,4,8,No,FALSE,316,3,NA,No Card,"Struggled. against defense, was pushed and blocked easily. Likes near hub shots and cleaning upAZ"
CR,312,R2,614,F,4,TRUE,FALSE,5,0,6,2,0,No,FALSE,13,1,2,No Card,Bump only
AW,313,B1,2556,C,34,TRUE,FALSE,6,4,4,3,4,No,FALSE,63,3,NA,No Card,NA
ADK,313,B2,4766,M,1,FALSE,FALSE,5,3,3,4,5,No,FALSE,62,4,NA,No Card,NA
AD,313,B3,2393,F,56,FALSE,FALSE,10,4,2,4,6,No,FALSE,61,3,6,No Card,NA
LJ,313,R1,449,F,3,TRUE,FALSE,12,9,5,6,9,No,FALSE,136,5,NA,No Card,"Cycled and filled well, missed a lot of shots, maybe because of distance."
CR,313,R2,5913,C,56,TRUE,FALSE,0,4,5,4,0,No,FALSE,NA,1,1,No Card,"Missed every shot in auto, then died"
BP,313,R3,931,M,NA,FALSE,FALSE,2,0,5,2,6,No,FALSE,6,3,NA,No Card,Auto climb
AW,314,B1,10980,C,34,TRUE,FALSE,10,2,6,3,0,No,FALSE,61,3,NA,No Card,Not always the most accurate
ADK,314,B2,3753,M,2,FALSE,FALSE,1,5,0,1,4,No,FALSE,5,2,NA,No Card,Played defense throughout
AD,314,B3,1506,F,NA,FALSE,FALSE,0,4,4,5,7,No,FALSE,3416,4,2,No Card,Beache in auto
LJ,314,R1,2590,F,3,TRUE,FALSE,8,2,7,2,6,No,FALSE,1236,4,6,No Card,"Aggressive driving. Turret hood clipped trench with about 60s left, breaking shooter. Switched to reversing intake and herding quickly. Intake also broke and browned out with about 20 to 30s left"
HR,314,R2,4655,C,56,TRUE,FALSE,7,8,2,6,5,No,FALSE,12,3,NA,No Card,NA
BP,314,R3,5653,M,1,FALSE,FALSE,8,20,1,2,8,No,FALSE,136,1,NA,No Card,Excessive and unnecessary crossings
CR,315,B1,2582,C,34,TRUE,FALSE,0,5,1,4,0,No,FALSE,16,1,NA,No Card,Stuck on bump during auto
ADK,315,B2,8229,F,3,FALSE,FALSE,2,1,3,3,5,No,FALSE,NA,4,NA,No Card,Great bps
AD,315,B3,6665,M,NA,FALSE,FALSE,0,10,2,0,0,No,FALSE,42,3,NA,No Card,No shooting or intake
LJ,315,R1,5181,C,5,TRUE,FALSE,7,8,2,2,3,No,FALSE,136,3,NA,No Card,"SOTM did not work well, missed roughly half shots. Struggled against C-otters defense, could pass full. field wit.  50% consistency, mostly fromOZto NZ"
HR,315,R2,2635,M,NA,FALSE,FALSE,1,0,3,0,2,No,FALSE,2,2,NA,No Card,They literally scored1 point in auto and like 5 in teleop
BP,315,R3,5705,F,NA,FALSE,FALSE,0,3,1,0,0,No,FALSE,4,1,4,No Card,"Very easy to push, stuck for over a minute on bump"
CR,316,B1,111,C,4,TRUE,FALSE,0,0,8,5,0,No,FALSE,16,4,NA,No Card,Likes to pass for the first half
ADK,316,B2,1690,F,52,TRUE,FALSE,9,4,3,7,9,No,FALSE,1256,5,NA,No Card,Phenomenal
AD,316,B3,8858,M,1,FALSE,FALSE,6,6,0,2,0,No,FALSE,416,3,NA,No Card,Drive train seemed kinda weak
LJ,316,R1,11242,M,NA,FALSE,FALSE,0,0,5,0,3,No,FALSE,24,2,2,No Card,"Tank drive, tippy Kitbot. Did a lot. of meandering, good at making largeclumps for herding but slow to herd so was yoinked by Orbit."
HR,316,R2,6429,C,NA,FALSE,FALSE,0,7,0,0,2,No,FALSE,4,2,NA,No Card,"They didn41391t do much at the start, missed a couple of shots, then defended"
BP,316,R3,4125,F,3,FALSE,FALSE,5,2,2,0,4,No,FALSE,4,1,1,No Card,NA
CR,317,B1,3931,C,34,TRUE,FALSE,10,6,6,8,0,No,FALSE,13,4,NA,No Card,Steals only once during 4th shift
ADK,317,B2,2468,F,56,TRUE,FALSE,10,3,4,5,9,No,FALSE,16,3,NA,No Card,Kinda mid at driving. Too easy to defend too
AD,317,B3,8069,M,NA,FALSE,FALSE,2,5,6,1,0,No,FALSE,24,2,NA,No Card,"Bulldozed in the end over emptying hopper, bad move"
LJ,317,R1,4322,F,3,TRUE,FALSE,16,12,2,4,3,No,FALSE,1563,4,NA,No Card,"Pass on the fly from anywhere in NZ, very mobile, played opportunistic defense with a sketchy pin. Slow and steady SOTM"
HR,317,R2,4087,C,5,FALSE,FALSE,10,3,7,5,4,No,FALSE,63,3,NA,No Card,NA
BP,317,R3,7915,M,NA,FALSE,FALSE,4,7,4,3,7,No,FALSE,62,2,NA,No Card,NA
BP,318,B1,3544,C,5,FALSE,FALSE,0,8,2,0,0,No,FALSE,4,2,NA,No Card,"Took so long to line up shot that they couldn41391t do it in their shift, easily defendable, if hit the have to realign"
CR,318,B2,7183,M,NA,FALSE,FALSE,2,6,4,6,5,No,FALSE,61,2,NA,No Card,No clear pattern of whether they took trench or bump
ADK,318,R1,1768,C,3,TRUE,FALSE,0,6,5,0,0,No,FALSE,16,3,NA,No Card,"Strong dumper, high accuracy from multiple places, didn41391t react well to defense"
JB,318,R2,5895,F,5,FALSE,FALSE,0,0,8,6,7,No,FALSE,12,3,NA,No Card,"Shoot on the move kinda works, but after shooting a bit, it just like whiffs a lot"
AD,318,R3,11417,M,NA,FALSE,FALSE,0,3,5,0,0,No,FALSE,54,3,NA,No Card,"No auto at all, kitbot, really aggressive defense, gave 100 pts in penalties"
BP,319,B1,1403,C,5,FALSE,FALSE,0,9,1,0,0,No,FALSE,136,3,6,No Card,Decent stoma but they were going forward and backward to intake fuel instead of just a lateral sweep parallel to driver wall
CR,319,B2,1816,M,1,FALSE,FALSE,2,0,6,0,0,No,FALSE,136,2,NA,No Card,"Consistently overshoots the hub, can take trench but only took bump"
HR,319,B3,8159,F,3,FALSE,FALSE,20,6,0,4,0,No,FALSE,16,4,NA,No Card,"Double swipe trench auto, good shoot on move."
ADK,319,R1,484,C,3,TRUE,FALSE,0,10,0,0,0,No,FALSE,1,3,NA,No Card,"Issues sustaining fireoate, possible agitation problem, high accuracy, solid passing"
AD,319,R3,10034,F,NA,FALSE,FALSE,0,0,5,0,0,No,FALSE,16,2,42,No Card,"Kinda slow, driver made some poor tactical decisions, bump only"
HR,319,NA,1023,F,3,FALSE,FALSE,17,5,3,4,3,No,FALSE,632,3,NA,No Card,Slower shooter
BP,320,B1,7415,F,4,TRUE,FALSE,0,0,11,0,0,No,FALSE,416,3,NA,No Card,"Got defended very easily on bump, boxed out for an entire shift, mediocre defense"
CR,320,B2,7769,C,34,TRUE,FALSE,0,7,4,0,0,No,FALSE,NA,5,6,No Card,Browned out during endgame. Did two stealing cycles during the 3rd shift
HR,320,B3,3501,M,21,FALSE,FALSE,0,0,7,5,0,No,FALSE,6,4,NA,No Card,"Depot/outpost auto starting from middle, good bps and capacity, but they are a bump robot, so a team was able to trap them in their alliance zone with varying levels of success"
ADK,320,R1,2813,C,3,TRUE,FALSE,0,8,4,0,0,No,FALSE,6,3,NA,No Card,"Had a small issue with shooter velocity where all shots fell short one cycle, when defended didn41391t seem to be able to x lock or shoot from a protected position, got pushed around and missed a full hopper worth of shots"
JB,320,R2,364,M,3,FALSE,FALSE,0,1,0,0,0,No,FALSE,5,2,NA,No Card,"Played defense the entire match, tried to defend in neutral zone (no oz defense), defense was kinda bad, didn41391t prevent any scoring really"
AD,320,R3,2231,F,56,TRUE,FALSE,0,10,3,0,0,No,FALSE,2436,4,NA,No Card,"Had trouble getting over bump and under trench when their hopper was filled, couldn41391t get back into AZ during endgame"
HR,320,NA,11244,F,NA,FALSE,FALSE,0,4,7,0,0,No,FALSE,NA,1,NA,No Card,"Did a lot of nothing, shooter broke instantly and they kept on going back to try to score for some reason, driver looked lost, their inactive strategy seemed like intake full, go back, and wait, but their intake was bad and their shooter broke so did a lotta nothing, their defense was under average, didn41391t really defend anything"
BP,321,B1,449,F,3,TRUE,FALSE,0,7,6,0,0,No,FALSE,163,5,NA,No Card,"Fast cycling, good thievery, Oliver hella tuff, good unload, trench and hub shot mostly"
CR,321,B2,6528,M,1,FALSE,FALSE,0,6,2,0,0,No,FALSE,6,4,NA,No Card,"They kept getting in our way, very few cycles."
HR,321,B3,2491,C,6,TRUE,FALSE,10,0,13,8,0,No,FALSE,613,5,NA,No Card,"Double swipe bump auto, interfered with our auto, which. messed up both robots41391 second passes.Were able to be defended and blocked rom entering alliance zone for a bit, costing them a cycle"
GK,321,R1,4450,F,5,FALSE,FALSE,0,6,4,0,0,No,FALSE,13,4,NA,No Card,Liked the tower shot quite a lot
JB,321,R2,7840,C,3,FALSE,FALSE,0,4,4,0,0,No,FALSE,1,3,NA,No Card,"Driving wasn41391t bad, their passing worked ok, they cleanup the sides,not bad, but sometimes look a little lost"
AD,321,R3,3243,M,1,FALSE,FALSE,0,15,3,0,0,No,FALSE,1362,3,NA,No Card,"Shooting seemed a little iffy with agitator, mostly good though."
BP,322,B1,16,F,3,TRUE,FALSE,0,3,7,0,0,No,FALSE,362,2,3,No Card,"Middle arc shot near trench, too high of an arc, some shots backwards, low accuracy"
HR,322,B3,1533,C,5,FALSE,FALSE,0,4,0,0,0,No,FALSE,462,4,NA,No Card,"Indexer/shooter malfunction, played pretty good neutral and opposing zone defense."
GK,322,R1,3937,C,3,TRUE,FALSE,0,4,1,0,0,No,FALSE,14,4,NA,Yellow,Got locked into OZ by opponents; intake broke
JB,322,R2,1391,F,3,TRUE,FALSE,0,6,2,0,0,No,FALSE,561,3,NA,No Card,"Always shoot from close tower shot, clean up sides while active, inactive they did passing in the first one, and in the second one, they. played neutral zone defense while intaking full, defense was pretty good,"
AD,322,R3,3753,M,NA,FALSE,FALSE,0,12,0,0,0,No,FALSE,316,4,NA,No Card,"Cycles under trench into OZ, steals ballls, then comes straight back through same trench for a up close hub shot."
BP,323,B1,6911,M,1,FALSE,FALSE,0,8,2,0,0,No,FALSE,342,1,NA,No Card,"Middle and far arc mostly, driver kept trying to shoot without any balls. is thehopper"
CR,323,B2,51,F,3,FALSE,FALSE,0,4,4,0,0,No,FALSE,31,4,6,No Card,"Browned out during shift 2, no clear pattern between bump and trench"
HR,323,B3,2590,C,56,FALSE,FALSE,20,2,6,4,0,No,FALSE,NA,3,NA,No Card,"Double swipe trench/bump auto. Not great shooting on the move, which caused some inaccuracy41391s"
JB,323,R2,5705,M,NA,FALSE,FALSE,0,8,0,0,0,No,FALSE,5,1,NA,No Card,"Shooter broke, they tried playing defense and their defense was bad, they did a lot of nothing, looked like their robot was on a stroll in the middle, they blocked their teammates at one point, driver wasn41391t great"
AD,323,R3,2393,F,56,TRUE,FALSE,0,4,0,0,0,No,FALSE,16,4,NA,No Card,"Seemed very slow, near arc shit, mainly stayed in AZ. and cleanedup the back row rather than cycling"
BP,324,B1,4607,M,4,TRUE,FALSE,0,0,1,0,0,No,FALSE,NA,1,1,No Card,"Died before I coup really see anything, but auto shots were middle arc"
CR,324,B2,4020,F,3,FALSE,FALSE,0,12,0,0,0,No,FALSE,NA,1,NA,No Card,"Stayed in their AZ the whole endgame,"
HR,324,B3,8858,C,5,FALSE,FALSE,10,10,3,2,3,No,FALSE,64,4,NA,No Card,"Not a super fast shooter, and with inconsistent accuracy, as about. 1/3 of their shots just barelyovershot."
AW,324,R1,4655,C,34,FALSE,FALSE,15,10,2,6,0,No,FALSE,13,4,NA,No Card,Did a lot of good passing from the neutral zone
JB,324,R2,2582,NA,NA,FALSE,FALSE,0,3,7,0,0,No,FALSE,16,3,NA,No Card,"Did the norm,passed in inactive, shot in active, whiffed sometimes from. farther away, didcleaning when active"
AD,324,R3,4469,F,56,TRUE,FALSE,0,8,10,0,0,No,FALSE,346,4,NA,No Card,"Normally cycles into NZ both under trench and over bump, near arc shot"
BP,325,B1,1506,F,3,TRUE,FALSE,0,11,1,0,0,No,FALSE,352,4,3,No Card,"Tried to pass once or twice but failed, otherwise good smooth cycling, stealing, etc, mid arc"
CR,325,B2,8229,C,3,FALSE,FALSE,0,4,4,0,0,No,FALSE,6,3,NA,No Card,"Missed almost all shots, partially due to defense"
HR,325,B3,11242,M,NA,FALSE,FALSE,0,0,2,0,0,No,FALSE,25,3,NA,No Card,"Attempted a. climb in auto, but failed. Just hun.  out in NZ anddefended adherded, probably shooter was broken. Attempted l2 climb in endgame, but only got l1."
AW,325,R1,8119,C,3,FALSE,FALSE,6,6,1,2,6,No,FALSE,63,3,1,No Card,Got stuck in the opposite alliance zone for awhile bc they were being defended
LJ,325,R2,10991,M,NA,FALSE,FALSE,1,8,0,0,8,No,FALSE,264,3,NA,No Card,"Shooting sprayed so not very accurate. Seemed to drive slowly, intake may have broken so they switched to other strategies. Only herded smaller clumps, pushed some to human players. On defense, tried ramming which was ineffective and got a foul for pinning too long."
AD,325,R3,3082,F,5,FALSE,FALSE,0,6,5,0,0,No,FALSE,43,3,NA,No Card,"Sometimes struggled to go over bump, mainly stole balls from OZ and outaked them into NZ or AZ"
BP,326,B1,111,F,4,TRUE,FALSE,0,0,8,0,0,No,FALSE,26,3,NA,No Card,"Mid and far arcs, accurate even from the corner, good bps"
CR,326,B2,2635,M,NA,FALSE,FALSE,0,0,4,0,0,No,FALSE,2,3,6,No Card,"Intake. seemed to be broken, but didn41391t play defense. Bulldozed for 1st half,then went to AZ and did nothing for 2nd half"
HR,326,B3,6985,C,6,FALSE,FALSE,0,0,4,0,0,No,FALSE,4,4,NA,No Card,"Shooter malfunction in auto, defended for the rest of the game. Defense was pretty good at stopping red from entering az, but got like one foul for pinning"
AW,326,R1,5913,C,3,TRUE,FALSE,6,7,1,2,4,No,FALSE,136,3,NA,No Card,"Couldn41391t get under trench when fully filled. up, did a lot of passing, was getting blockedfrom getting back into their alliance zone by defense for a bit"
LJ,326,R2,6487,M,NA,FALSE,FALSE,0,3,5,0,0,No,FALSE,45,3,NA,No Card,"Intake seemed to break since start of match, spent first 30. seconds meanderingbefore focusing on blocking 111. Played some decent interference stopping 111 over bump from. NZ but stillgot passed, tried slamming defense intake first for a bit in OZ. Knew to back off from pin count."
AD,326,R3,3931,F,56,TRUE,FALSE,0,6,3,0,0,No,FALSE,1346,4,NA,No Card,"Second auto cycle failed, first was good. Strong bps, near arc shot."
BP,327,B1,614,F,4,TRUE,FALSE,0,0,10,0,0,No,FALSE,62,2,NA,No Card,"Sometimes a little slow for bump, intake broke (it41391s happened before),close arc"
CR,327,B2,4766,M,12,FALSE,FALSE,0,10,0,0,0,No,FALSE,6,2,NA,No Card,"Not technically. passing, but they intake full and then barf it out through theirintake in the AZ"
HR,327,B3,4322,C,56,FALSE,FALSE,0,7,3,0,0,No,FALSE,136,4,NA,No Card,"Double swipe trench/bump auto, good. at passing, bps was alright, shoot iron the move was alittle inaccurate"
AW,327,R1,5181,F,5,TRUE,FALSE,10,6,2,4,0,No,FALSE,316,4,NA,No Card,Did good. stealing balls and passing from opposite alliancezone
LJ,327,R2,11214,M,NA,FALSE,FALSE,1,3,7,0,4,No,FALSE,26,3,NA,No Card,"Overshot consistently, including from midrange. Avoided getting beached multiple times when going over bump. Focused mostly on herding for whole match, many small clumps over bump and through trench. Did not herd balls that were just falling out of blue hub, probably scared of fouls."
AD,327,R3,6429,C,3,FALSE,FALSE,0,5,0,0,0,No,FALSE,26,3,NA,No Card,"Intake jammed sometimes, middle-ish arc"
BP,328,B1,5577,M,NA,FALSE,FALSE,0,3,0,0,0,No,FALSE,2,2,1,No Card,Died quite quickly
CR,328,B2,2556,F,4,TRUE,FALSE,0,3,5,0,0,No,FALSE,NA,5,26,No Card,"Can go under trench, chooses bump during auto. Beached during auto. Browned out during endgame"
HR,328,B3,1756,NA,56,TRUE,FALSE,0,4,6,0,0,No,FALSE,63,4,1,No Card,"Double swipe trench/bump auto, ok bps, died with 50 seconds left"
AW,328,R1,6201,M,1,FALSE,FALSE,10,11,1,0,5,No,FALSE,4,4,NA,No Card,Played defense almost the entire game
LJ,328,R2,10980,F,5,TRUE,FALSE,10,3,5,3,4,No,FALSE,6,4,NA,No Card,"EXTENDO HOPPER. They clipped the trench with it once, probably broke. it for the match. Turret didn41391t move atall in. NZ. Overshot enoughto be noticeable but still fairly accurate. Focused on filling big hopper then sitting in the corner to unload, SOTM not very good. Indexer seemed to jam in the last 15s for a bit."
AD,328,R3,1690,C,34,TRUE,FALSE,0,8,5,0,0,No,FALSE,136,5,NA,No Card,"Really good ball control and passing, far arc shot, sweeps back row while shooting"
BP,329,B1,4087,F,3,FALSE,FALSE,0,4,4,0,0,No,FALSE,634,3,NA,No Card,"Decent cycling, mid and far arc, sweep but fixed shooter"
CR,329,B2,2054,M,6,TRUE,FALSE,0,0,4,0,0,No,FALSE,6,3,1,No Card,"Very inaccurate when shooting in the move, especially when moving away from the hub"
HR,329,B3,4125,C,5,FALSE,FALSE,0,1,4,0,0,No,FALSE,3461,4,NA,No Card,"Auto got caught on the trench and sent the bot across the line and they got like 60 points of penalties for that. Got like 3 cycles in and played ok defense, as they weren41391t able to prevent big volley from teams like 9496"
AW,329,R1,5653,F,5,FALSE,FALSE,15,16,0,4,0,No,FALSE,63,3,NA,No Card,Kinda mid shooting speed
LJ,329,R2,9496,C,3,TRUE,FALSE,12,8,6,6,0,No,FALSE,136,4,NA,No Card,"Consistently thieved through opponent trench on their left, in and. out.Passed from far edg. ofNZ to AZ. Floundered a bit against blocking defense but was fairly resistant to ramming. In endgame focused on cleaning up large cache of fuel behind tower and by human players"
AD,329,R3,6665,M,4,TRUE,FALSE,0,5,1,0,0,No,FALSE,24,3,NA,No Card,"Good defense with no penalties and herding, no shoot or intake,"
BP,331,B1,2590,F,4,TRUE,FALSE,0,3,5,0,0,No,FALSE,62,3,NA,No Card,"Back row sweep, far arc, ok bps but limited by low intake speed"
CR,331,B2,7915,M,NA,FALSE,FALSE,0,7,5,0,0,No,FALSE,NA,4,NA,No Card,"Made some tiny, useless cycles"
HR,331,B3,484,C,56,FALSE,FALSE,0,12,2,0,9,No,FALSE,643,4,NA,No Card,"Double swipe trench/bump auto, not good bps, played defense and stole balls on opposing shift, but was able to get 1 or 2 cycles per shift"
AW,331,R1,11417,M,NA,FALSE,FALSE,10,1,3,0,0,No,FALSE,43,2,NA,No Card,"Stopped moving for approx 10 seconds in the neutral zone in the middle of the match, defense was quite poor, just a lot of scooting around and nudging robots without actually stopping them"
AD,331,R2,1391,C,34,TRUE,FALSE,0,6,2,0,0,No,FALSE,6,4,NA,No Card,"Shoots hub shot/near arc, but can also do a tower shot to avoid defense"
AM,331,R3,7769,F,6,TRUE,FALSE,9,3,4,7,7,No,FALSE,16,5,NA,No Card,Incredible rum shooter not full width yet insane bps. Intaking is great and they have been incredibly agile. Nets and good hopper capacity saw.
BP,332,B1,8069,M,NA,FALSE,FALSE,0,8,2,0,0,No,FALSE,NA,2,NA,No Card,"Low bps, slow intake, no auto, not optimal drive pathing"
CR,332,B2,4655,NA,34,TRUE,FALSE,0,5,3,0,0,No,FALSE,31,2,NA,No Card,"Intake broke partway through. For cycles, they pass balls to their AZ then go over bump with empty hopper."
HR,332,B3,364,C,5,FALSE,FALSE,0,6,4,0,2,No,FALSE,634,3,NA,No Card,"Single sweep trench/bump auto, got like 2 cycles per shift, mid bps, honestly a mid robot"
AW,332,R1,2231,C,3,TRUE,FALSE,16,4,4,6,0,No,FALSE,126,4,NA,No Card,Very fast stream of balls while passing
AD,332,R2,931,M,NA,FALSE,FALSE,0,0,1,0,0,No,FALSE,5,2,NA,No Card,"Climbed in auto, kinda just sat in neutral zone near oz trench for the whole game, did not shoot. Got in their teammates way sometimes."
AM,332,R3,6528,F,25,FALSE,FALSE,6,2,1,4,7,No,FALSE,16,2,NA,No Card,Hopper capacity isn»t the brightest. Missed most of the shots it took toward minute 2.
BP,333,B1,8229,C,5,FALSE,FALSE,0,14,2,0,0,No,FALSE,126,4,NA,No Card,"Good drum, shoots near arc, good at passing. They sometimes cycle even when there are reserves of fuel to be used, even during endgame"
CR,333,B2,3937,F,34,TRUE,FALSE,0,3,5,0,0,No,FALSE,1,3,NA,No Card,"Great passing cycles, but feeding cycles are too small and intake very few fuel"
HR,333,B3,5705,M,NA,FALSE,FALSE,0,1,0,0,0,No,FALSE,5,3,1,No Card,"No auto, shooter malfunction, no points scored, played some mid neutral zone defense and the died in their trench."
AW,333,R1,4469,C,3,TRUE,FALSE,17,6,8,6,1,No,FALSE,136,5,NA,No Card,"Plays exactly our game with near hub shots, passing from close to AZ with occasional stealing, etc. reliable and accurate cycles, good at cleaning up in front of hubs in NZ. Cleaned up along DS in last inactive, then focused on cycling in end game."
AD,333,R2,4450,M,1,FALSE,FALSE,0,5,5,0,0,No,FALSE,16,4,NA,No Card,"Far arc shot, cycles from NZ to AZ seemed kinda poorly time, scrambling to intake to full then shoot"
AM,333,R3,8159,F,5,FALSE,FALSE,10,5,1,7,6,No,FALSE,16,5,NA,No Card,"Shoot on the fly with a similar cycle to 1690.  They run single turret and their intake is phenomenal. Hitting it home, they pass consistently and stock up efficiently. 10/10"
BP,334,B1,3243,C,5,FALSE,FALSE,0,3,3,0,0,No,FALSE,45,2,NA,No Card,Defense was not very effective for the heavier turret bots it defended
CR,334,B2,2491,M,6,FALSE,FALSE,0,0,12,0,0,No,FALSE,62,3,NA,No Card,Very flimsy top plate (attached by Velcro) fell off during shift 2 or 3.
LJ,334,R1,5895,M,5,TRUE,FALSE,20,7,5,4,4,No,FALSE,16,4,NA,No Card,"Loves scraping along DS, did that basically every scoring period. Pass on the move from almost whole NZ. Solid SOTM, some passing from far edge of NZ were short so there was a bit of clustering there. Fairly accurate but occasionally undershot"
AD,334,R2,2393,M,NA,FALSE,FALSE,0,4,0,0,0,No,FALSE,14,3,NA,No Card,"Played defense, could pass balls from OZ pretty deep into NZ"
AM,334,R3,111,C,62,TRUE,FALSE,10,0,5,5,6,No,FALSE,16,3,NA,No Card,"They are great at intaking, large hop cap, but they were easy to defend. Their solution? They passed from NZ to their zone with their single shooter. They are still sort of slow. Keep in mind."
BP,335,B1,5913,C,5,TRUE,FALSE,0,3,3,0,6,No,FALSE,56,3,NA,No Card,"Good at offense, drum shoots fast, but the bot itself moved slowly"
CR,335,B2,1023,F,3,FALSE,FALSE,0,3,4,0,0,No,FALSE,136,4,NA,No Card,"Very stretchy net, 1.5 cycle auto"
HR,335,B3,9572,C,56,FALSE,FALSE,0,3,2,0,0,No,FALSE,6,3,NA,No Card,"Pretty good bps, lots of cycles, but were defended a lot"
LJ,335,R1,8858,C,3,FALSE,FALSE,2,5,0,1,5,No,FALSE,4561,2,NA,No Card,"Shot mostly from the trench. Intake broke with more than a minute left, switched to defense. Able to avoid pin fouls, but ramming was ineffective. Did some blocking, but also meandered during end game."
AD,335,R2,8119,F,5,FALSE,FALSE,0,6,6,0,0,No,FALSE,136,4,NA,No Card,"Good bps, passing from OZ to AZ, shoots from close and far"
AM,335,R3,614,M,6,TRUE,FALSE,6,1,2,0,3,No,FALSE,54,3,"2,6",No Card,"Nearly beached themselves twice. Got stuck on bump, and didn»t shoot during teleop. Not their brightest match. Intake broken."
BP,336,B1,1768,C,5,TRUE,FALSE,0,9,2,0,0,No,FALSE,1236,5,NA,No Card,"Mid arc and near, very quick unload and great feeding"
CR,336,B2,3931,M,34,FALSE,FALSE,0,4,8,0,0,No,FALSE,136,4,NA,No Card,Intake broke during shift 5
HR,336,B3,4607,F,NA,FALSE,FALSE,0,10,2,0,0,No,FALSE,162,5,"t shoot anything, but they had good bps and lots of cycles",No Card,Auto didn
LJ,336,R1,7840,F,5,FALSE,FALSE,8,8,0,1,8,No,FALSE,136,3,NA,No Card,"Preferred far arc, no SOTM. Stayed mostly on left hand side of the field. Not super accurate and low throughput, struggled to cache a good amount of fuel in AZ"
AD,336,R2,5577,M,NA,FALSE,FALSE,0,0,0,0,0,No,FALSE,NA,1,1,No Card,NA
AM,336,R3,10034,M,6,TRUE,FALSE,0,0,3,0,4,No,FALSE,1,1,NA,No Card,Didn't make shots it took. Never filled its hopper emnitrely. Good try but not optimal
BP,337,B1,6487,F,3,TRUE,FALSE,0,10,2,0,0,No,FALSE,62,2,NA,No Card,"Kept trying to intake after intake was visibly broken, didnt go to herding or defense once they became unable to intake and score fuel"
CR,337,B2,11242,M,NA,FALSE,FALSE,0,0,5,0,0,No,TRUE,4,2,NA,No Card,"Intake seemed to be broken throughout the match, robot not heavy enough to play good defense"
HR,337,B3,4087,C,5,FALSE,FALSE,0,6,3,0,0,No,FALSE,42,5,NA,No Card,"Double cycle auto, possibly something broke which led them to do D, like 3 &D. Tenacious D, locked down the bump, deflected shots, herded in transition."
AZ,337,R1,1756,C,5,FALSE,FALSE,0,5,7,0,0,No,FALSE,6,4,NA,No Card,A lot of sweeps and small cycles
AD,337,R2,1506,F,56,TRUE,FALSE,0,6,2,0,0,No,FALSE,NA,4,NA,No Card,"Far arc and tower shot to avoid defense, good movement"
AM,337,R3,11244,M,1,FALSE,FALSE,10,1,1,3,4,No,FALSE,26,3,NA,No Card,Ok driving but their indexer sucks. They barfed balls just to agitate balls and fire from shooter. They have a small hopper capacity. Auto is not good. They did their best but it isn»t enough. Barely shot throughout.
BP,338,B1,4766,C,51,TRUE,FALSE,0,4,4,0,0,No,FALSE,463,2,NA,No Card,"Struggled under defense from opposing robots, near and mid arcs"
CR,338,B2,2582,F,34,TRUE,FALSE,0,5,3,0,0,No,FALSE,61,4,NA,No Card,They didn»t seem to be able to intake for the 1st half.
HR,338,B3,3082,C,5,FALSE,FALSE,0,8,1,0,0,No,FALSE,31264,4,NA,No Card,"Invaded OZ, did megapassing the whole match, sometimes even when they were near he AZ, they shot out of the field. Turret, 3 and D, hella power, played utility the whole match. Outpost at the end of the match"
AZ,338,R1,4125,F,5,TRUE,FALSE,0,8,6,0,0,No,FALSE,34,3,t understand their strategy,No Card,"Mediocre driving, not a lot of full cycles, I don"
AD,338,R2,6911,M,1,FALSE,FALSE,0,5,3,0,0,No,FALSE,164,3,NA,No Card,"Good long distance passing, typically sweeps back row while shooting"
BP,339,B1,6429,C,5,TRUE,FALSE,0,9,1,0,0,No,FALSE,62,3,NA,No Card,Decent cycler
CR,339,B2,4020,F,3,FALSE,FALSE,0,5,3,0,0,No,FALSE,1,3,NA,No Card,"Likes to cycle and pass from the left side, far away from the opponent hub"
HR,339,B3,10980,M,6,FALSE,FALSE,0,0,6,0,0,No,FALSE,6,3,NA,No Card,"Citrus copy, but basically just bump bot hella inaccurate, kinda just diddled around during inactive, BPS low and took most of active to do a cycle/clean AZ"
AZ,339,R1,3544,C,3,FALSE,FALSE,0,14,0,0,0,No,FALSE,341,3,NA,No Card,"Not great driving, heavy focus on passing however not ever good at doing so."
AD,339,R2,6665,F,5,FALSE,FALSE,0,2,3,0,0,No,FALSE,4,3,NA,No Card,"Good defense but a little aggressive, gave 30 penalty points to other team, no intake or shoot"
BP,340,B1,2054,C,62,FALSE,FALSE,0,0,6,0,0,No,FALSE,2,2,NA,No Card,"Slow moving, hard to get over bump, low bps"
CR,340,B2,2556,F,3,FALSE,FALSE,0,5,6,0,0,No,FALSE,16,3,NA,No Card,"Interesting 90 degree shooter, low bps, seems to only work on the left side of the field."
HR,340,B3,5181,M,21,FALSE,FALSE,5,1,1,0,4,No,FALSE,45,5,NA,No Card,"Extremely good defense. Their driving sets a good example, and we should consider them for defense. Their hopper capacity isn»t great and shooter is average. Needs more power."
AZ,340,R1,2635,C,NA,FALSE,FALSE,0,0,7,0,0,No,FALSE,NA,1,NA,No Card,"No intake, weird driving, no defense, didnt contribute"
AD,340,R3,7415,M,41,TRUE,FALSE,0,0,10,0,0,No,FALSE,36,3,NA,No Card,"Missed first round of auto shots, got completely blocked by 5181"
BP,341,B1,1690,F,3,TRUE,FALSE,0,14,0,0,0,No,FALSE,136,5,NA,No Card,"Got locked up in the corner for a little and undershot a lot then, otherwise impeccable feeding and quick shooting"
ADK,341,B3,2813,C,5,TRUE,FALSE,0,9,5,0,0,No,FALSE,1,2,NA,No Card,Strong passing and solid shooting but several collisions with alliance partners while intaking and shooting
AZ,341,R1,5653,M,1,FALSE,FALSE,0,12,0,0,0,No,FALSE,1,1,NA,No Card,"Low bps, poor cycles, not a lot of throughput"
AD,341,R2,51,C,3,FALSE,FALSE,0,2,2,0,0,No,FALSE,6,3,NA,No Card,"Nothing all that special, shot from far"
CR,341,R3,6985,F,6,TRUE,FALSE,0,0,3,0,0,No,FALSE,4,3,NA,No Card,"Played hard defense in OZ, which disrupted 1690s turret significantly"
BP,342,B1,10991,M,NA,FALSE,FALSE,0,7,0,0,0,No,FALSE,456,1,NA,No Card,"Not very effective at defense, bps and intake speed low, not great driving overall either"
CR,342,B2,4322,F,34,FALSE,FALSE,0,10,2,0,0,No,FALSE,12,2,NA,No Card,"Their intake broke partway through, but somehow started working again a while later."
ADK,342,B3,2231,C,5,TRUE,FALSE,0,5,7,0,0,No,FALSE,1,3,NA,No Card,"Some difficult going over bump, good adaptation to defense, shoot on the move works well without loss of accuracy"
AZ,342,R1,16,C,3,FALSE,FALSE,0,7,5,0,0,No,FALSE,3,2,NA,No Card,"Vulnerable to defense or blocking, no full pass ability it seems, not best driving"
AD,342,R2,2393,M,NA,FALSE,FALSE,0,2,4,0,0,No,FALSE,16,3,NA,No Card,"Kinda slow drive base, near arc shot"
BP,343,B1,2468,F,3,TRUE,FALSE,0,8,4,0,0,No,FALSE,316,5,NA,No Card,"Is good at stealing from opposing zones, passing it back, repeat until their shift"
CR,343,B2,11417,M,NA,FALSE,FALSE,0,2,0,0,0,No,FALSE,4,3,NA,No Card,"Tries to play defense, but is too light."
ADK,343,B3,8159,F,5,FALSE,FALSE,0,10,0,0,0,No,FALSE,1,2,NA,No Card,"Definite indexing issues, inconsistent fire rate but accurate when working"
AZ,343,R1,4450,C,3,FALSE,FALSE,0,8,2,0,0,No,FALSE,6,3,NA,No Card,Questionable indexing¡ hmm idk
AD,343,R2,1391,F,56,TRUE,FALSE,0,6,0,0,0,No,FALSE,62,4,NA,No Card,"Second auto cycle failed, high bps, good cycles"
BP,344,B1,3753,C,5,FALSE,FALSE,0,6,2,0,0,No,FALSE,62,2,NA,No Card,"Some aim issues; entire volley was misaligned in auto, some more misses throughout. Also not the best bps"
CR,344,B2,8069,M,NA,FALSE,FALSE,0,6,1,0,0,No,FALSE,462,2,NA,No Card,"Basically Kitbot with small over bumper intake. Decent defendedr, but left to bulldoze at the end for some reason."
ADK,344,B3,111,F,4,TRUE,FALSE,0,0,8,0,0,No,FALSE,1,1,NA,No Card,"Significantly hindered by defense, though they technically passed only about 10 balls made to the AZ due to low accuracy and fire rate"
AZ,344,R1,7769,F,5,FALSE,FALSE,0,7,7,0,0,No,FALSE,16,5,NA,No Card,"Good driving, consistent bps, utilities bump heavily(compared to others) and can avoid defense"
AD,344,R2,4607,C,3,FALSE,FALSE,0,13,1,0,0,No,FALSE,463,4,NA,No Card,"Really good fast smooth movement, good cycle, did not shoot much but helped clear back of AZ"
BP,345,B1,3501,F,4,TRUE,FALSE,0,0,8,0,0,No,FALSE,621,3,NA,No Card,Good passing but accuracy decreases a lot when defended
CR,345,B2,614,M,6,FALSE,FALSE,0,0,8,0,0,No,FALSE,43,1,2,No Card,"Intake and hopper extension jammed partway through. In the endgame, they abandoned defense to try to climb, and failed, getting in their teammates way in the process. I expected more from a CHS team"
ADK,345,B3,7840,C,5,FALSE,FALSE,0,5,2,0,0,No,FALSE,4,1,NA,No Card,"Did not shoot nor pass a single ball, defense was ineffective and did not hinder opponent"
AZ,345,R1,931,M,NA,FALSE,FALSE,0,0,1,0,0,No,FALSE,NA,1,1,No Card,Broken swerve no driving but auto climb successful!
AD,345,R2,1506,F,56,TRUE,FALSE,0,10,2,0,0,No,FALSE,2436,4,NA,No Card,"Really good movement and high bps,"
BP,346,B1,3931,F,3,TRUE,FALSE,0,7,3,0,0,No,FALSE,61,3,NA,No Card,Full field passing slightly inaccurate
CR,346,B2,3243,C,5,FALSE,FALSE,0,10,2,0,0,No,FALSE,162,4,NA,No Card,Only used the bump during endgame
ADK,346,B3,11242,M,NA,FALSE,FALSE,0,0,3,0,0,No,FALSE,NA,1,NA,No Card,"Climb in auto, did not shoot or play defense for rest of match just sat in NZ"
AZ,346,R1,4469,F,5,TRUE,FALSE,0,1,13,0,3,No,FALSE,13,1,NA,No Card,"Lower bps but is very prepared, put up a lot of points, solid dumper, good auto, trench is secondary for them, they prefer bump,"
AD,346,R2,4766,M,2,FALSE,FALSE,0,9,1,0,0,No,FALSE,346,4,NA,No Card,"Almost always hub shot, had a climb up didn»t use it."